1/25/2022,10:53:00 AM,2875.000000,2875.000000,2790.000000,2798.149902
1/25/2022,10:54:00 AM,2801.000000,2815.000000,2770.100098,2789.120117
1/25/2022,10:55:00 AM,2780.000000,2830.100098,2768.010010,2822.284912
1/25/2022,10:56:00 AM,2822.885010,2847.899902,2781.104980,2795.439941
1/25/2022,10:57:00 AM,2788.000000,2818.834961,2775.100098,2800.945068
1/25/2022,10:58:00 AM,2800.945068,2809.774902,2759.000000,2764.979980
1/25/2022,10:59:00 AM,2770.000000,2782.945068,2702.000000,2707.125000
1/25/2022,11:00:00 AM,2700.600098,2705.000000,2630.215088,2640.405029
1/25/2022,11:01:00 AM,2650.000000,2673.000000,2620.804932,2651.939941
1/25/2022,11:02:00 AM,2673.000000,2784.899902,2656.604980,2745.364990
1/25/2022,11:03:00 AM,2745.000000,2745.300049,2655.899902,2668.939941
1/25/2022,11:04:00 AM,2682.729980,2738.699951,2652.514893,2692.360107
1/25/2022,11:05:00 AM,2698.399902,2830.000000,2671.449951,2804.735107
1/25/2022,11:06:00 AM,2790.100098,2852.149902,2720.000000,2781.175049
1/25/2022,11:07:00 AM,2730.000000,2779.899902,2730.000000,2753.794922
1/25/2022,11:08:00 AM,2654.554932,2805.000000,2650.000000,2757.925049
1/25/2022,11:09:00 AM,2791.965088,2841.094971,2712.010010,2801.044922
1/25/2022,11:10:00 AM,2823.000000,2835.000000,2781.000000,2819.800049
1/25/2022,11:11:00 AM,2760.500000,2795.000000,2756.000000,2774.794922
1/25/2022,11:12:00 AM,2775.100098,2800.000000,2770.649902,2790.139893
1/25/2022,11:13:00 AM,2782.000000,2821.745117,2775.260010,2802.760010
1/25/2022,11:14:00 AM,2820.000000,2839.899902,2810.000000,2834.044922
1/25/2022,11:15:00 AM,2840.000000,2842.495117,2715.100098,2732.814941
1/25/2022,11:16:00 AM,2748.500000,2755.879883,2669.570068,2708.949951
1/25/2022,11:17:00 AM,2712.000000,2739.989990,2680.100098,2691.639893
1/25/2022,11:18:00 AM,2712.399902,2748.000000,2704.360107,2736.574951
1/25/2022,11:19:00 AM,2735.000000,2735.000000,2670.000000,2686.850098
1/25/2022,11:20:00 AM,2710.000000,2714.645020,2650.000000,2672.439941
1/25/2022,11:21:00 AM,2699.000000,2728.514893,2671.000000,2718.594971
1/25/2022,11:22:00 AM,2720.100098,2734.679932,2700.679932,2715.465088
1/25/2022,11:23:00 AM,2703.000000,2759.899902,2651.100098,2743.774902
1/25/2022,11:24:00 AM,2731.145020,2800.100098,2728.229980,2774.235107
1/25/2022,11:25:00 AM,2772.500000,2779.989990,2744.004883,2754.834961
1/25/2022,11:26:00 AM,2771.000000,2778.425049,2725.114990,2748.844971
1/25/2022,11:27:00 AM,2747.000000,2765.500000,2730.560059,2752.814941
1/25/2022,11:28:00 AM,2758.000000,2784.899902,2742.554932,2771.185059
1/25/2022,11:29:00 AM,2775.000000,2806.500000,2766.044922,2796.385010
1/25/2022,11:30:00 AM,2806.500000,2838.000000,2806.500000,2831.689941
1/25/2022,11:31:00 AM,2805.199951,2892.000000,2805.199951,2884.935059
1/25/2022,11:32:00 AM,2889.399902,2905.995117,2876.000000,2884.665039
1/25/2022,11:33:00 AM,2885.000000,2893.320068,2863.000000,2869.554932
1/25/2022,11:34:00 AM,2865.000000,2883.840088,2788.820068,2807.915039
1/25/2022,11:35:00 AM,2812.000000,2827.465088,2730.104980,2740.304932
1/25/2022,11:36:00 AM,2738.000000,2842.399902,2735.014893,2836.044922
1/25/2022,11:37:00 AM,2838.000000,2848.899902,2783.000000,2798.084961
1/25/2022,11:38:00 AM,2797.425049,2848.800049,2792.534912,2803.050049
1/25/2022,11:39:00 AM,2757.000000,2801.530029,2733.929932,2789.610107
1/25/2022,11:40:00 AM,2780.294922,2800.100098,2760.824951,2787.304932
1/25/2022,11:41:00 AM,2815.899902,2856.000000,2801.389893,2842.409912
1/25/2022,11:42:00 AM,2824.800049,2865.145020,2799.899902,2837.264893
1/25/2022,11:43:00 AM,2851.000000,2880.370117,2818.905029,2828.875000
1/25/2022,11:44:00 AM,2823.570068,2823.570068,2780.000000,2799.000000
1/25/2022,11:45:00 AM,2849.800049,2925.000000,2840.064941,2893.425049
1/25/2022,11:46:00 AM,2920.000000,2974.899902,2910.004883,2967.774902
1/25/2022,11:47:00 AM,2974.800049,2989.995117,2956.800049,2979.915039
1/25/2022,11:48:00 AM,2990.000000,2998.614990,2970.000000,2980.574951
1/25/2022,11:49:00 AM,2981.100098,3017.000000,2965.000000,2997.205078
1/25/2022,11:50:00 AM,2999.995117,3084.000000,2992.500000,3068.510010
1/25/2022,11:51:00 AM,3054.574951,3090.000000,3053.000000,3068.155029
1/25/2022,11:52:00 AM,3068.100098,3150.000000,3060.000000,3135.300049
1/25/2022,11:53:00 AM,3140.000000,3140.000000,3100.000000,3129.925049
1/25/2022,11:54:00 AM,3130.000000,3146.820068,3090.000000,3102.760010
1/25/2022,11:55:00 AM,3105.004883,3133.725098,3080.000000,3087.389893
1/25/2022,11:56:00 AM,3118.000000,3118.899902,3058.000000,3092.014893
1/25/2022,11:57:00 AM,3085.000000,3122.000000,3067.760010,3114.870117
1/25/2022,11:58:00 AM,3139.995117,3139.995117,3100.000000,3106.520020
1/25/2022,11:59:00 AM,3115.000000,3150.000000,3095.070068,3113.675049
1/25/2022,12:00:00 PM,3115.000000,3120.000000,3060.719971,3074.695068
1/25/2022,12:01:00 PM,3075.000000,3131.600098,3075.000000,3120.520020
1/25/2022,12:02:00 PM,3134.000000,3223.669922,3123.639893,3159.929932
1/25/2022,12:03:00 PM,3170.000000,3188.485107,3104.445068,3118.860107
1/25/2022,12:04:00 PM,3134.899902,3145.379883,3029.000000,3052.225098
1/25/2022,12:05:00 PM,3072.500000,3072.500000,2960.199951,2987.840088
1/25/2022,12:06:00 PM,2980.000000,3010.000000,2915.000000,2920.840088
1/25/2022,12:07:00 PM,2944.995117,2985.000000,2910.004883,2976.685059
1/25/2022,12:08:00 PM,2980.000000,3050.000000,2980.000000,3042.705078
1/25/2022,12:09:00 PM,3049.899902,3074.014893,3015.000000,3031.564941
1/25/2022,12:10:00 PM,3080.000000,3120.745117,3007.510010,3064.750000
1/25/2022,12:11:00 PM,3075.000000,3115.000000,3062.500000,3087.300049
1/25/2022,12:12:00 PM,3089.064941,3095.000000,3037.659912,3049.524902
1/25/2022,12:13:00 PM,3049.524902,3100.000000,3019.014893,3077.284912
1/25/2022,12:14:00 PM,3050.004883,3097.040039,3033.500000,3056.570068
1/25/2022,12:15:00 PM,3056.679932,3092.500000,3037.790039,3049.594971
1/25/2022,12:16:00 PM,3060.000000,3074.000000,2979.165039,3008.620117
1/25/2022,12:17:00 PM,2990.080078,3019.979980,2931.604980,2943.290039
1/25/2022,12:18:00 PM,2949.000000,2996.989990,2949.000000,2992.955078
1/25/2022,12:19:00 PM,2985.320068,2985.320068,2930.000000,2939.205078
1/25/2022,12:20:00 PM,2945.000000,2970.024902,2928.899902,2951.540039
1/25/2022,12:21:00 PM,2952.254883,3033.334961,2952.254883,3020.344971
1/25/2022,12:22:00 PM,3011.000000,3075.000000,3001.794922,3068.274902
1/25/2022,12:23:00 PM,3068.100098,3075.000000,3034.014893,3051.070068
1/25/2022,12:24:00 PM,3033.864990,3043.000000,3000.000000,3013.629883
1/25/2022,12:25:00 PM,3024.899902,3149.899902,3017.675049,3078.064941
1/25/2022,12:26:00 PM,3065.000000,3065.000000,2932.000000,2986.875000
1/25/2022,12:27:00 PM,2995.024902,3027.379883,2931.500000,2937.764893
1/25/2022,12:28:00 PM,2960.655029,2960.655029,2905.860107,2923.635010
1/25/2022,12:29:00 PM,2940.000000,3006.199951,2921.004883,2994.925049
1/25/2022,12:30:00 PM,3010.830078,3026.699951,2958.379883,2971.239990
1/25/2022,12:31:00 PM,2964.000000,2964.000000,2930.000000,2951.300049
1/25/2022,12:32:00 PM,2966.054932,2978.000000,2950.000000,2967.699951
1/25/2022,12:33:00 PM,2960.334961,2997.895020,2915.000000,2920.840088
1/25/2022,12:34:00 PM,2938.000000,2955.600098,2925.000000,2944.860107
1/25/2022,12:35:00 PM,2956.000000,2957.500000,2915.500000,2953.669922
1/25/2022,12:36:00 PM,2955.199951,2964.800049,2929.050049,2957.375000
1/25/2022,12:37:00 PM,2959.000000,3026.500000,2942.100098,3013.530029
1/25/2022,12:38:00 PM,3013.530029,3015.000000,2968.455078,2994.965088
1/25/2022,12:39:00 PM,2997.000000,3019.000000,2967.324951,2980.530029
1/25/2022,12:40:00 PM,2988.000000,3005.830078,2935.574951,2942.489990
1/25/2022,12:41:00 PM,2944.899902,2947.229980,2890.695068,2914.064941
1/25/2022,12:42:00 PM,2914.064941,2972.135010,2914.064941,2944.000000
1/25/2022,12:43:00 PM,2944.149902,2955.745117,2890.014893,2903.544922
1/25/2022,12:44:00 PM,2909.899902,2917.780029,2825.304932,2837.185059
1/25/2022,12:45:00 PM,2824.000000,2855.000000,2775.159912,2842.554932
1/25/2022,12:46:00 PM,2869.959961,2878.879883,2840.000000,2859.044922
1/25/2022,12:47:00 PM,2865.500000,2878.100098,2786.514893,2818.764893
1/25/2022,12:48:00 PM,2837.500000,2837.500000,2800.500000,2807.899902
1/25/2022,12:49:00 PM,2819.899902,2839.000000,2808.500000,2823.800049
1/25/2022,12:50:00 PM,2833.800049,2833.804932,2784.925049,2788.800049
1/25/2022,12:51:00 PM,2789.604980,2814.000000,2747.534912,2762.629883
1/25/2022,12:52:00 PM,2787.995117,2790.000000,2755.000000,2763.250000
1/25/2022,12:53:00 PM,2784.000000,2839.225098,2764.760010,2828.899902
1/25/2022,12:54:00 PM,2827.875000,2861.000000,2807.199951,2816.050049
1/25/2022,12:55:00 PM,2845.000000,2845.000000,2792.000000,2799.534912
1/25/2022,12:56:00 PM,2817.399902,2817.399902,2748.014893,2752.915039
1/25/2022,12:57:00 PM,2760.000000,2774.500000,2705.000000,2742.429932
1/25/2022,12:58:00 PM,2740.699951,2747.919922,2698.169922,2715.370117
1/25/2022,12:59:00 PM,2725.100098,2770.000000,2716.500000,2722.254883
1/25/2022,1:00:00 PM,2734.000000,2738.679932,2679.949951,2698.064941
1/25/2022,1:01:00 PM,2698.064941,2714.989990,2676.110107,2704.810059
1/25/2022,1:02:00 PM,2709.969971,2734.800049,2687.000000,2702.344971
1/25/2022,1:03:00 PM,2680.500000,2780.000000,2680.500000,2769.780029
1/25/2022,1:04:00 PM,2771.000000,2790.000000,2710.500000,2728.830078
1/25/2022,1:05:00 PM,2750.000000,2855.000000,2734.800049,2826.564941
1/25/2022,1:06:00 PM,2844.899902,2900.000000,2830.104980,2894.620117
1/25/2022,1:07:00 PM,2912.495117,2912.495117,2848.699951,2859.465088
1/25/2022,1:08:00 PM,2865.000000,2865.000000,2773.300049,2779.854980
1/25/2022,1:09:00 PM,2784.600098,2784.600098,2713.449951,2729.870117
1/25/2022,1:10:00 PM,2667.000000,2728.344971,2660.100098,2696.084961
1/25/2022,1:11:00 PM,2719.889893,2725.895020,2688.600098,2699.570068
1/25/2022,1:12:00 PM,2691.114990,2730.000000,2691.114990,2703.750000
1/25/2022,1:13:00 PM,2724.935059,2760.000000,2700.000000,2752.354980
1/25/2022,1:14:00 PM,2769.699951,2769.699951,2737.000000,2759.314941
1/25/2022,1:15:00 PM,2780.000000,2780.000000,2720.000000,2743.875000
1/25/2022,1:16:00 PM,2768.995117,2918.000000,2765.100098,2899.770020
1/25/2022,1:17:00 PM,2899.770020,2899.770020,2823.000000,2840.659912
1/25/2022,1:18:00 PM,2845.600098,2914.800049,2841.645020,2899.235107
1/25/2022,1:19:00 PM,2890.000000,2947.000000,2860.905029,2880.385010
1/25/2022,1:20:00 PM,2900.000000,2917.500000,2840.000000,2847.614990
1/25/2022,1:21:00 PM,2868.969971,2880.000000,2807.600098,2838.280029
1/25/2022,1:22:00 PM,2849.899902,2880.000000,2839.905029,2861.114990
1/25/2022,1:23:00 PM,2860.715088,2882.495117,2836.000000,2876.689941
1/25/2022,1:24:00 PM,2862.300049,2900.000000,2853.395020,2886.979980
1/25/2022,1:25:00 PM,2902.729980,2930.000000,2860.100098,2898.205078
1/25/2022,1:26:00 PM,2920.000000,2926.699951,2850.000000,2867.794922
1/25/2022,1:27:00 PM,2882.000000,2882.129883,2813.500000,2818.875000
1/25/2022,1:28:00 PM,2840.000000,2848.989990,2755.195068,2760.215088
1/25/2022,1:29:00 PM,2762.729980,2814.399902,2761.500000,2805.975098
1/25/2022,1:30:00 PM,2810.000000,2899.899902,2809.000000,2888.584961
1/25/2022,1:31:00 PM,2890.000000,2904.000000,2862.500000,2880.719971
1/25/2022,1:32:00 PM,2860.004883,2915.000000,2860.004883,2905.500000
1/25/2022,1:33:00 PM,2924.955078,2924.955078,2871.000000,2884.415039
1/25/2022,1:34:00 PM,2884.415039,2894.899902,2861.070068,2868.219971
1/25/2022,1:35:00 PM,2868.000000,2885.000000,2855.000000,2862.304932
1/25/2022,1:36:00 PM,2868.000000,2868.000000,2795.070068,2806.959961
1/25/2022,1:37:00 PM,2827.229980,2919.695068,2804.500000,2881.219971
1/25/2022,1:38:00 PM,2882.989990,2942.500000,2882.989990,2938.375000
1/25/2022,1:39:00 PM,2930.500000,2978.000000,2917.199951,2966.370117
1/25/2022,1:40:00 PM,2960.100098,2980.000000,2857.209961,2890.034912
1/25/2022,1:41:00 PM,2909.794922,2937.054932,2828.010010,2841.050049
1/25/2022,1:42:00 PM,2859.500000,2869.965088,2733.600098,2794.020020
1/25/2022,1:43:00 PM,2798.300049,2809.965088,2561.100098,2585.280029
1/25/2022,1:44:00 PM,2586.000000,2599.000000,2503.524902,2559.969971
1/25/2022,1:45:00 PM,2589.699951,2625.044922,2510.100098,2518.074951
1/25/2022,1:46:00 PM,2536.959961,2561.699951,2460.120117,2490.219971
1/25/2022,1:47:00 PM,2498.500000,2549.995117,2352.370117,2418.540039
1/25/2022,1:48:00 PM,2428.000000,2499.899902,2323.000000,2474.949951
1/25/2022,1:49:00 PM,2475.000000,2475.000000,2305.000000,2323.574951
1/25/2022,1:50:00 PM,2290.000000,2290.000000,2000.114990,2190.784912
1/25/2022,1:51:00 PM,2159.725098,2266.945068,2097.510010,2119.044922
1/25/2022,1:52:00 PM,2140.000000,2231.399902,2065.104980,2213.475098
1/25/2022,1:53:00 PM,2191.290039,2218.114990,2080.129883,2108.570068
1/25/2022,1:54:00 PM,2132.729980,2281.000000,2132.729980,2258.235107
1/25/2022,1:55:00 PM,2130.000000,2260.000000,2118.245117,2235.745117
1/25/2022,1:56:00 PM,2294.399902,2419.899902,2250.100098,2390.375000
1/25/2022,1:57:00 PM,2410.000000,2413.405029,2300.004883,2343.449951
1/25/2022,1:58:00 PM,2355.000000,2395.000000,2275.000000,2300.215088
1/25/2022,1:59:00 PM,2338.000000,2372.739990,2185.000000,2197.810059
1/25/2022,2:00:00 PM,2197.810059,2238.000000,2135.104980,2162.530029
1/25/2022,2:01:00 PM,2195.000000,2256.000000,2185.000000,2242.510010
1/25/2022,2:02:00 PM,2204.000000,2247.500000,2190.100098,2225.814941
1/25/2022,2:03:00 PM,2260.000000,2269.000000,2185.100098,2262.469971
1/25/2022,2:04:00 PM,2232.399902,2242.729980,2190.000000,2209.219971
1/25/2022,2:05:00 PM,2227.229980,2230.000000,2170.500000,2180.639893
1/25/2022,2:06:00 PM,2199.000000,2208.399902,2129.000000,2146.189941
1/25/2022,2:07:00 PM,2150.000000,2151.340088,2098.500000,2102.614990
1/25/2022,2:08:00 PM,2120.000000,2199.000000,2070.114990,2186.459961
1/25/2022,2:09:00 PM,2175.000000,2229.979980,2175.000000,2199.209961
1/25/2022,2:10:00 PM,2230.000000,2308.054932,2220.000000,2267.409912
1/25/2022,2:11:00 PM,2270.100098,2276.500000,2237.409912,2255.225098
1/25/2022,2:12:00 PM,2265.000000,2282.729980,2237.000000,2255.965088
1/25/2022,2:13:00 PM,2270.000000,2282.590088,2260.014893,2265.030029
1/25/2022,2:14:00 PM,2273.949951,2273.949951,2240.500000,2249.524902
1/25/2022,2:15:00 PM,2237.000000,2249.524902,2182.040039,2193.354980
1/25/2022,2:16:00 PM,2145.100098,2340.000000,2119.675049,2324.185059
1/25/2022,2:17:00 PM,2330.000000,2418.399902,2305.600098,2324.010010
1/25/2022,2:18:00 PM,2340.000000,2404.195068,2329.149902,2394.534912
1/25/2022,2:19:00 PM,2412.000000,2483.000000,2392.510010,2473.500000
1/25/2022,2:20:00 PM,2499.000000,2534.000000,2472.639893,2489.709961
1/25/2022,2:21:00 PM,2489.709961,2535.000000,2445.054932,2459.580078
1/25/2022,2:22:00 PM,2474.399902,2530.000000,2396.010010,2421.639893
1/25/2022,2:23:00 PM,2442.000000,2447.995117,2394.000000,2410.905029
1/25/2022,2:24:00 PM,2416.000000,2448.800049,2362.659912,2384.830078
1/25/2022,2:25:00 PM,2401.794922,2403.975098,2358.000000,2380.754883
1/25/2022,2:26:00 PM,2378.000000,2405.000000,2304.000000,2311.135010
1/25/2022,2:27:00 PM,2330.000000,2359.604980,2295.205078,2352.129883
1/25/2022,2:28:00 PM,2350.000000,2373.995117,2331.000000,2340.530029
1/25/2022,2:29:00 PM,2332.000000,2389.800049,2295.300049,2356.729980
1/25/2022,2:30:00 PM,2350.500000,2373.870117,2330.000000,2340.139893
1/25/2022,2:31:00 PM,2328.000000,2328.000000,2268.500000,2279.344971
1/25/2022,2:32:00 PM,2277.000000,2277.000000,2210.000000,2221.135010
1/25/2022,2:33:00 PM,2240.000000,2248.614990,2196.340088,2236.925049
1/25/2022,2:34:00 PM,2209.820068,2259.979980,2186.500000,2240.485107
1/25/2022,2:35:00 PM,2201.100098,2276.604980,2180.000000,2264.060059
1/25/2022,2:36:00 PM,2264.060059,2385.000000,2264.060059,2372.199951
1/25/2022,2:37:00 PM,2380.000000,2412.495117,2320.000000,2330.540039
1/25/2022,2:38:00 PM,2335.000000,2380.000000,2315.070068,2371.614990
1/25/2022,2:39:00 PM,2395.100098,2395.100098,2355.000000,2369.780029
1/25/2022,2:40:00 PM,2357.000000,2390.000000,2334.395020,2386.564941
1/25/2022,2:41:00 PM,2386.564941,2422.000000,2380.804932,2395.570068
1/25/2022,2:42:00 PM,2380.000000,2417.800049,2370.010010,2409.199951
1/25/2022,2:43:00 PM,2414.600098,2419.000000,2341.110107,2359.760010
1/25/2022,2:44:00 PM,2347.995117,2357.500000,2311.919922,2321.070068
1/25/2022,2:45:00 PM,2310.000000,2345.000000,2270.000000,2308.135010
1/25/2022,2:46:00 PM,2330.000000,2338.300049,2288.790039,2299.449951
1/25/2022,2:47:00 PM,2301.100098,2331.000000,2299.500000,2312.409912
1/25/2022,2:48:00 PM,2335.000000,2339.000000,2300.774902,2315.834961
1/25/2022,2:49:00 PM,2316.225098,2329.300049,2290.500000,2319.510010
1/25/2022,2:50:00 PM,2234.000000,2234.000000,2095.024902,2116.229980
1/25/2022,2:51:00 PM,2104.000000,2104.000000,2015.099976,2021.145020
1/25/2022,2:52:00 PM,2032.500000,2064.804932,2000.099976,2010.359985
1/25/2022,2:53:00 PM,2045.000000,2047.699951,1975.500000,1983.040039
1/25/2022,2:54:00 PM,1985.500000,2063.000000,1978.500000,2004.464966
1/25/2022,2:55:00 PM,1989.000000,2039.775024,1985.000000,2029.104980
1/25/2022,2:56:00 PM,2036.000000,2060.000000,2034.505005,2055.610107
1/25/2022,2:57:00 PM,2060.000000,2076.729980,2038.699951,2050.760010
1/25/2022,2:58:00 PM,2062.800049,2062.919922,2022.199951,2048.040039
1/25/2022,2:59:00 PM,2054.000000,2067.000000,2048.000000,2063.814941
1/25/2022,3:00:00 PM,2062.600098,2078.395020,2062.600098,2073.570068
1/25/2022,3:01:00 PM,2080.000000,2084.774902,2016.045044,2036.994995
1/25/2022,3:02:00 PM,2040.000000,2042.500000,1995.000000,2012.275024
1/25/2022,3:03:00 PM,2015.099976,2029.795044,1994.974976,2002.800049
1/25/2022,3:04:00 PM,2000.099976,2035.000000,1990.000000,2002.359985
1/25/2022,3:05:00 PM,2007.699951,2022.300049,1999.099976,2008.915039
1/25/2022,3:06:00 PM,2015.000000,2033.000000,2007.500000,2011.560059
1/25/2022,3:07:00 PM,2020.000000,2033.775024,1983.510010,2004.994995
1/25/2022,3:08:00 PM,2006.099976,2024.099976,1987.160034,1998.739990
1/25/2022,3:09:00 PM,1999.900024,2000.000000,1880.000000,1887.724976
1/25/2022,3:10:00 PM,1890.000000,1909.489990,1880.000000,1891.915039
1/25/2022,3:11:00 PM,1912.000000,1917.895020,1883.609985,1900.574951
1/25/2022,3:12:00 PM,1909.000000,2014.469971,1907.604980,1966.339966
1/25/2022,3:13:00 PM,1972.000000,2043.194946,1943.500000,2012.829956
1/25/2022,3:14:00 PM,2016.099976,2058.489990,2016.000000,2047.964966
1/25/2022,3:15:00 PM,2052.965088,2120.000000,2052.965088,2110.425049
1/25/2022,3:16:00 PM,2123.489990,2196.500000,2115.070068,2190.419922
1/25/2022,3:17:00 PM,2185.500000,2190.419922,2075.000000,2084.739990
1/25/2022,3:18:00 PM,2043.400024,2145.955078,2033.099976,2075.314941
1/25/2022,3:19:00 PM,2047.000000,2130.000000,2007.000000,2113.750000
1/25/2022,3:20:00 PM,2016.000000,2058.810059,1990.000000,2001.640015
1/25/2022,3:21:00 PM,2014.729980,2037.719971,1993.204956,2023.410034
1/25/2022,3:22:00 PM,2043.300049,2045.000000,2004.770020,2015.520020
1/25/2022,3:23:00 PM,2020.000000,2046.454956,2012.099976,2040.979980
1/25/2022,3:24:00 PM,2041.500000,2065.000000,2038.000000,2052.854980
1/25/2022,3:25:00 PM,2045.000000,2063.469971,2025.000000,2044.744995
1/25/2022,3:26:00 PM,2057.699951,2070.000000,2030.000000,2059.544922
1/25/2022,3:27:00 PM,2069.989990,2078.094971,2050.000000,2070.479980
1/25/2022,3:28:00 PM,2067.000000,2087.495117,2040.010010,2062.000000
1/25/2022,3:29:00 PM,2078.084961,2078.084961,2030.204956,2040.775024
1/25/2022,3:30:00 PM,2064.899902,2064.899902,1980.000000,1986.910034
1/25/2022,3:31:00 PM,1990.400024,2003.194946,1972.000000,1994.864990
1/25/2022,3:32:00 PM,1950.000000,2187.699951,1932.000000,2150.540039
1/25/2022,3:33:00 PM,2151.000000,2180.000000,2140.500000,2150.395020
1/25/2022,3:34:00 PM,2154.899902,2170.000000,2141.125000,2152.149902
1/25/2022,3:35:00 PM,2152.000000,2209.344971,2140.004883,2187.104980
1/25/2022,3:36:00 PM,2194.854980,2314.520020,2189.500000,2297.245117
1/25/2022,3:37:00 PM,2300.100098,2335.500000,2227.290039,2246.195068
1/25/2022,3:38:00 PM,2248.879883,2289.800049,2246.199951,2277.725098
1/25/2022,3:39:00 PM,2280.000000,2298.695068,2250.100098,2261.989990
1/25/2022,3:40:00 PM,2283.800049,2283.800049,2242.600098,2261.235107
1/25/2022,3:41:00 PM,2260.000000,2279.989990,2210.199951,2225.139893
1/25/2022,3:42:00 PM,2224.000000,2224.000000,2157.955078,2175.909912
1/25/2022,3:43:00 PM,2166.000000,2185.000000,2119.000000,2133.800049
1/25/2022,3:44:00 PM,2133.800049,2167.459961,2127.500000,2144.685059
1/25/2022,3:45:00 PM,2139.000000,2139.000000,2105.094971,2115.135010
1/25/2022,3:46:00 PM,2127.500000,2144.419922,2100.500000,2138.199951
1/25/2022,3:47:00 PM,2140.100098,2148.500000,2085.564941,2097.415039
1/25/2022,3:48:00 PM,2102.399902,2130.000000,2078.104980,2089.899902
1/25/2022,3:49:00 PM,2078.870117,2078.870117,1998.550049,2004.839966
1/25/2022,3:50:00 PM,2031.000000,2119.104980,2030.099976,2058.350098
1/25/2022,3:51:00 PM,2040.000000,2047.599976,2011.219971,2020.270020
1/25/2022,3:52:00 PM,2024.000000,2060.000000,1992.099976,2048.955078
1/25/2022,3:53:00 PM,2060.500000,2102.935059,2060.010010,2098.030029
1/25/2022,3:54:00 PM,2112.399902,2118.899902,2054.360107,2061.264893
1/25/2022,3:55:00 PM,2069.899902,2102.399902,2035.500000,2094.709961
1/25/2022,3:56:00 PM,2084.000000,2108.000000,2065.000000,2097.375000
1/25/2022,3:57:00 PM,2090.000000,2107.389893,2081.040039,2099.814941
1/25/2022,3:58:00 PM,2102.729980,2143.000000,2090.504883,2136.114990
1/25/2022,3:59:00 PM,2136.199951,2156.000000,2125.100098,2133.195068
1/25/2022,4:00:00 PM,2153.000000,2154.179932,2120.000000,2127.054932
1/25/2022,4:01:00 PM,2137.800049,2146.995117,2094.955078,2102.389893
1/25/2022,4:02:00 PM,2085.000000,2099.479980,2034.500000,2040.084961
1/25/2022,4:03:00 PM,2054.899902,2054.899902,2020.454956,2031.489990
1/25/2022,4:04:00 PM,2040.000000,2058.000000,2014.000000,2053.155029
1/25/2022,4:05:00 PM,2051.044922,2063.899902,2030.000000,2034.020020
1/25/2022,4:06:00 PM,2035.099976,2045.255005,2017.500000,2033.064941
1/25/2022,4:07:00 PM,2027.000000,2040.000000,2015.000000,2036.829956
1/25/2022,4:08:00 PM,1999.000000,2063.000000,1986.000000,2056.510010
1/25/2022,4:09:00 PM,2057.100098,2060.000000,2034.000000,2035.234985
1/25/2022,4:10:00 PM,2020.000000,2048.574951,2019.900024,2034.989990
1/25/2022,4:11:00 PM,2047.000000,2057.989990,2027.005005,2035.319946
1/25/2022,4:12:00 PM,2028.000000,2047.000000,2025.000000,2033.655029
1/25/2022,4:13:00 PM,2031.500000,2049.084961,2022.760010,2036.089966
1/25/2022,4:14:00 PM,2039.000000,2041.755005,2030.099976,2035.400024
1/25/2022,4:15:00 PM,2005.000000,2012.099976,1860.000000,1875.175049
1/25/2022,4:16:00 PM,1831.000000,1936.640015,1820.500000,1923.089966
1/25/2022,4:17:00 PM,1927.500000,2016.895020,1923.099976,1999.775024
1/25/2022,4:18:00 PM,2005.000000,2038.010010,1952.500000,2030.525024
1/25/2022,4:19:00 PM,2020.000000,2100.000000,2005.420044,2093.699951
1/25/2022,4:20:00 PM,2145.000000,2161.000000,2107.364990,2129.719971
1/25/2022,4:21:00 PM,2124.004883,2137.500000,2081.205078,2090.175049
1/25/2022,4:22:00 PM,2095.000000,2130.000000,2074.649902,2122.465088
1/25/2022,4:23:00 PM,2136.100098,2164.899902,2014.925049,2032.114990
1/25/2022,4:24:00 PM,2055.000000,2104.750000,2035.000000,2085.064941
1/25/2022,4:25:00 PM,2091.000000,2114.959961,2076.500000,2088.735107
1/25/2022,4:26:00 PM,2105.000000,2105.000000,2070.000000,2079.010010
1/25/2022,4:27:00 PM,2088.000000,2092.725098,2036.064941,2042.375000
1/25/2022,4:28:00 PM,2042.000000,2049.989990,1982.000000,1989.150024
1/25/2022,4:29:00 PM,2010.000000,2026.324951,1980.000000,1994.775024
1/25/2022,4:30:00 PM,1986.000000,2007.000000,1956.005005,1994.814941
1/25/2022,4:31:00 PM,1999.400024,2036.000000,1978.349976,2004.344971
1/25/2022,4:32:00 PM,2019.000000,2036.000000,1995.594971,2008.380005
1/25/2022,4:33:00 PM,2014.390015,2021.989990,1985.000000,1999.775024
1/25/2022,4:34:00 PM,2019.500000,2032.074951,2002.505005,2013.145020
1/25/2022,4:35:00 PM,2017.655029,2022.094971,2000.040039,2013.199951
1/25/2022,4:36:00 PM,2015.199951,2020.000000,1997.295044,2010.594971
1/25/2022,4:37:00 PM,2004.800049,2020.000000,1990.000000,2016.204956
1/25/2022,4:38:00 PM,2000.000000,2014.994995,1960.000000,1976.704956
1/25/2022,4:39:00 PM,1975.005005,1999.000000,1963.800049,1972.785034
1/25/2022,4:40:00 PM,1975.000000,1993.800049,1956.579956,1973.185059
1/25/2022,4:41:00 PM,1983.000000,2009.900024,1970.000000,1979.069946
1/25/2022,4:42:00 PM,1989.900024,1989.900024,1962.000000,1979.314941
1/25/2022,4:43:00 PM,1979.000000,1989.900024,1965.324951,1971.920044
1/25/2022,4:44:00 PM,1977.099976,1983.094971,1891.209961,1909.819946
1/25/2022,4:45:00 PM,1910.055054,1924.890015,1883.104980,1911.685059
1/25/2022,4:46:00 PM,1905.010010,1932.500000,1905.010010,1915.185059
1/25/2022,4:47:00 PM,1915.185059,1966.900024,1915.185059,1947.930054
1/25/2022,4:48:00 PM,1954.949951,1963.479980,1908.000000,1913.880005
1/25/2022,4:49:00 PM,1929.000000,1974.989990,1920.000000,1962.530029
1/25/2022,4:50:00 PM,1930.000000,2028.880005,1929.900024,2013.744995
1/25/2022,4:51:00 PM,2010.000000,2015.000000,1958.060059,1965.010010
1/25/2022,4:52:00 PM,1975.464966,2009.500000,1963.599976,1982.540039
1/25/2022,4:53:00 PM,1994.930054,2004.500000,1958.185059,1964.510010
1/25/2022,4:54:00 PM,1968.000000,1975.359985,1885.099976,1903.290039
1/25/2022,4:55:00 PM,1918.000000,1929.540039,1873.005005,1903.859985
1/25/2022,4:56:00 PM,1899.000000,1927.094971,1865.000000,1875.099976
1/25/2022,4:57:00 PM,1891.494995,1906.665039,1882.000000,1903.415039
1/25/2022,4:58:00 PM,1898.415039,1910.000000,1886.000000,1895.530029
1/25/2022,4:59:00 PM,1910.000000,1919.800049,1878.750000,1883.385010
1/25/2022,5:00:00 PM,1887.000000,1910.000000,1865.405029,1904.125000
1/25/2022,5:01:00 PM,1905.000000,1905.000000,1831.005005,1843.369995
1/25/2022,5:02:00 PM,1853.000000,1858.119995,1835.000000,1840.599976
1/25/2022,5:03:00 PM,1852.699951,1854.000000,1750.000000,1766.400024
1/25/2022,5:04:00 PM,1772.500000,1779.410034,1697.494995,1707.199951
1/25/2022,5:05:00 PM,1720.000000,1738.135010,1704.160034,1709.844971
1/25/2022,5:06:00 PM,1710.050049,1715.489990,1617.500000,1638.104980
1/25/2022,5:07:00 PM,1620.000000,1671.984985,1618.775024,1643.685059
1/25/2022,5:08:00 PM,1644.390015,1747.689941,1632.719971,1718.655029
1/25/2022,5:09:00 PM,1700.000000,1700.000000,1634.000000,1638.810059
1/25/2022,5:10:00 PM,1649.000000,1672.500000,1600.925049,1616.354980
1/25/2022,5:11:00 PM,1625.199951,1645.170044,1597.660034,1634.805054
1/25/2022,5:12:00 PM,1595.000000,1676.000000,1578.599976,1656.280029
1/25/2022,5:13:00 PM,1615.000000,1711.185059,1613.329956,1690.500000
1/25/2022,5:14:00 PM,1687.199951,1687.199951,1634.005005,1650.400024
1/25/2022,5:15:00 PM,1641.000000,1714.454956,1641.000000,1701.074951
1/25/2022,5:16:00 PM,1681.599976,1717.474976,1634.000000,1645.665039
1/25/2022,5:17:00 PM,1666.000000,1690.000000,1629.319946,1681.165039
1/25/2022,5:18:00 PM,1673.015015,1778.795044,1673.015015,1758.724976
1/25/2022,5:19:00 PM,1760.000000,1764.984985,1654.775024,1664.500000
1/25/2022,5:20:00 PM,1699.500000,1699.500000,1640.114990,1657.464966
1/25/2022,5:21:00 PM,1660.000000,1672.000000,1618.339966,1660.045044
1/25/2022,5:22:00 PM,1680.000000,1680.000000,1629.260010,1633.770020
1/25/2022,5:23:00 PM,1643.770020,1657.000000,1583.000000,1589.574951
1/25/2022,5:24:00 PM,1606.000000,1628.000000,1590.939941,1600.050049
1/25/2022,5:25:00 PM,1600.500000,1605.199951,1548.005005,1552.334961
1/25/2022,5:26:00 PM,1553.000000,1557.474976,1526.515015,1538.344971
1/25/2022,5:27:00 PM,1609.900024,1609.900024,1520.000000,1554.819946
1/25/2022,5:28:00 PM,1558.005005,1621.569946,1551.099976,1599.540039
1/25/2022,5:29:00 PM,1599.979980,1634.234985,1582.525024,1629.744995
1/25/2022,5:30:00 PM,1629.900024,1670.000000,1613.765015,1653.800049
1/25/2022,5:31:00 PM,1656.380005,1666.599976,1596.704956,1625.844971
1/25/2022,5:32:00 PM,1597.099976,1597.520020,1568.160034,1577.579956
1/25/2022,5:33:00 PM,1580.500000,1593.285034,1553.000000,1564.239990
1/25/2022,5:34:00 PM,1574.900024,1587.994995,1554.114990,1575.420044
1/25/2022,5:35:00 PM,1581.564941,1649.900024,1573.170044,1640.724976
1/25/2022,5:36:00 PM,1619.859985,1647.000000,1602.650024,1620.675049
1/25/2022,5:37:00 PM,1621.130005,1709.000000,1621.130005,1701.364990
1/25/2022,5:38:00 PM,1704.000000,1718.819946,1652.150024,1668.055054
1/25/2022,5:39:00 PM,1675.000000,1688.000000,1645.000000,1668.939941
1/25/2022,5:40:00 PM,1658.000000,1683.435059,1635.099976,1676.430054
1/25/2022,5:41:00 PM,1680.000000,1685.994995,1607.194946,1628.494995
1/25/2022,5:42:00 PM,1650.000000,1655.494995,1584.199951,1603.040039
1/25/2022,5:43:00 PM,1610.000000,1618.000000,1563.000000,1575.250000
1/25/2022,5:44:00 PM,1587.589966,1948.800049,1576.000000,1786.020020
1/25/2022,5:45:00 PM,1840.000000,1950.000000,1840.000000,1923.935059
1/25/2022,5:46:00 PM,1949.000000,1956.500000,1795.500000,1843.425049
1/25/2022,5:47:00 PM,1835.000000,1852.400024,1740.500000,1760.010010
1/25/2022,5:48:00 PM,1771.010010,1812.500000,1753.055054,1791.155029
1/25/2022,5:49:00 PM,1770.099976,1818.430054,1755.000000,1779.239990
1/25/2022,5:50:00 PM,1780.000000,1800.000000,1736.645020,1776.520020
1/25/2022,5:51:00 PM,1796.000000,1828.000000,1759.400024,1782.685059
1/25/2022,5:52:00 PM,1782.500000,1834.000000,1772.310059,1828.464966
1/25/2022,5:53:00 PM,1845.000000,1850.895020,1785.744995,1799.900024
1/25/2022,5:54:00 PM,1793.494995,1815.329956,1765.464966,1800.060059
1/25/2022,5:55:00 PM,1795.005005,1830.000000,1783.310059,1823.935059
1/25/2022,5:56:00 PM,1819.500000,1819.500000,1785.175049,1805.250000
1/25/2022,5:57:00 PM,1809.099976,1834.900024,1790.000000,1820.114990
1/25/2022,5:58:00 PM,1810.000000,1845.000000,1808.000000,1832.795044
1/25/2022,5:59:00 PM,1831.000000,1930.000000,1828.500000,1919.910034
1/25/2022,6:00:00 PM,1918.800049,1930.000000,1890.260010,1922.060059
1/25/2022,6:01:00 PM,1950.000000,2078.899902,1945.500000,2049.185059
1/25/2022,6:02:00 PM,2060.000000,2068.000000,2006.510010,2027.589966
1/25/2022,6:03:00 PM,2027.599976,2051.324951,1985.500000,1997.885010
1/25/2022,6:04:00 PM,1997.599976,2074.090088,1977.900024,2052.120117
1/25/2022,6:05:00 PM,2064.000000,2118.854980,2052.114990,2103.235107
1/25/2022,6:06:00 PM,2115.000000,2141.500000,2095.004883,2132.175049
1/25/2022,6:07:00 PM,2150.000000,2168.860107,2110.014893,2132.364990
1/25/2022,6:08:00 PM,2132.364990,2215.000000,2132.364990,2204.939941
1/25/2022,6:09:00 PM,2225.000000,2259.899902,2160.000000,2251.149902
1/25/2022,6:10:00 PM,2254.500000,2268.020020,2230.100098,2253.810059
1/25/2022,6:11:00 PM,2258.699951,2288.800049,2190.004883,2197.614990
1/25/2022,6:12:00 PM,2224.000000,2228.000000,2156.000000,2174.070068
1/25/2022,6:13:00 PM,2175.000000,2194.729980,2123.050049,2128.715088
1/25/2022,6:14:00 PM,2137.000000,2175.000000,2103.415039,2160.554932
1/25/2022,6:15:00 PM,2167.000000,2170.000000,2117.114990,2142.395020
1/25/2022,6:16:00 PM,2125.000000,2205.570068,2120.000000,2168.965088
1/25/2022,6:17:00 PM,2164.000000,2181.764893,2131.004883,2137.689941
1/25/2022,6:18:00 PM,2137.000000,2182.399902,2120.000000,2135.219971
1/25/2022,6:19:00 PM,2150.000000,2172.500000,2135.500000,2155.814941
1/25/2022,6:20:00 PM,2185.000000,2190.000000,2124.129883,2132.405029
1/25/2022,6:21:00 PM,2142.899902,2158.000000,2125.000000,2147.739990
1/25/2022,6:22:00 PM,2160.000000,2179.995117,2142.419922,2174.735107
1/25/2022,6:23:00 PM,2174.699951,2174.699951,2139.500000,2148.979980
1/25/2022,6:24:00 PM,2155.000000,2199.800049,2145.000000,2195.459961
1/25/2022,6:25:00 PM,2176.629883,2296.500000,2160.000000,2275.320068
1/25/2022,6:26:00 PM,2276.000000,2341.600098,2276.000000,2326.129883
1/25/2022,6:27:00 PM,2334.979980,2345.000000,2272.699951,2280.570068
1/25/2022,6:28:00 PM,2299.080078,2340.000000,2287.239990,2302.165039
1/25/2022,6:29:00 PM,2316.550049,2316.550049,2290.500000,2309.159912
1/25/2022,6:30:00 PM,2305.199951,2307.995117,2265.000000,2288.139893
1/25/2022,6:31:00 PM,2271.500000,2275.000000,2164.044922,2171.310059
1/25/2022,6:32:00 PM,2171.300049,2199.195068,2122.199951,2137.274902
1/25/2022,6:33:00 PM,2132.574951,2176.895020,2113.500000,2140.800049
1/25/2022,6:34:00 PM,2169.000000,2169.000000,2132.500000,2141.705078
1/25/2022,6:35:00 PM,2150.000000,2163.465088,2066.500000,2092.000000
1/25/2022,6:36:00 PM,2100.000000,2119.899902,2086.909912,2099.715088
1/25/2022,6:37:00 PM,2112.800049,2136.550049,2095.294922,2125.919922
1/25/2022,6:38:00 PM,2125.895020,2162.445068,2100.219971,2154.179932
1/25/2022,6:39:00 PM,2158.169922,2210.100098,2158.169922,2195.354980
1/25/2022,6:40:00 PM,2200.844971,2245.899902,2183.675049,2203.475098
1/25/2022,6:41:00 PM,2217.245117,2217.245117,2160.000000,2165.100098
1/25/2022,6:42:00 PM,2166.600098,2192.790039,2162.604980,2170.495117
1/25/2022,6:43:00 PM,2175.000000,2197.245117,2141.600098,2173.584961
1/25/2022,6:44:00 PM,2176.010010,2250.594971,2170.905029,2242.715088
1/25/2022,6:45:00 PM,2235.100098,2259.899902,2209.074951,2222.114990
1/25/2022,6:46:00 PM,2212.010010,2244.000000,2200.000000,2217.614990
1/25/2022,6:47:00 PM,2219.959961,2243.000000,2176.445068,2186.864990
1/25/2022,6:48:00 PM,2199.000000,2220.000000,2190.110107,2204.570068
1/25/2022,6:49:00 PM,2218.344971,2232.020020,2190.199951,2222.235107
1/25/2022,6:50:00 PM,2227.004883,2287.659912,2218.044922,2278.449951
1/25/2022,6:51:00 PM,2278.000000,2278.000000,2238.675049,2251.524902
1/25/2022,6:52:00 PM,2251.524902,2259.475098,2200.100098,2207.580078
1/25/2022,6:53:00 PM,2209.000000,2234.185059,2147.110107,2160.084961
1/25/2022,6:54:00 PM,2165.000000,2166.594971,2111.000000,2118.925049
1/25/2022,6:55:00 PM,2110.000000,2110.000000,2073.949951,2086.044922
1/25/2022,6:56:00 PM,2095.000000,2134.979980,2071.379883,2080.379883
1/25/2022,6:57:00 PM,2070.000000,2070.000000,1980.010010,1989.219971
1/25/2022,6:58:00 PM,2023.800049,2050.000000,1986.000000,2032.890015
1/25/2022,6:59:00 PM,2033.000000,2074.000000,2025.020020,2043.275024
1/25/2022,7:00:00 PM,2060.000000,2060.010010,2006.319946,2028.000000
1/25/2022,7:01:00 PM,2027.000000,2057.929932,2025.500000,2048.969971
1/25/2022,7:02:00 PM,2044.000000,2065.000000,2030.000000,2062.479980
1/25/2022,7:03:00 PM,2069.899902,2160.000000,2065.000000,2153.625000
1/25/2022,7:04:00 PM,2150.905029,2177.000000,2110.354980,2129.219971
1/25/2022,7:05:00 PM,2138.000000,2154.989990,2100.500000,2136.510010
1/25/2022,7:06:00 PM,2135.800049,2147.500000,2097.030029,2105.655029
1/25/2022,7:07:00 PM,2116.000000,2128.000000,2094.399902,2110.000000
1/25/2022,7:08:00 PM,2107.000000,2119.600098,2078.050049,2091.574951
1/25/2022,7:09:00 PM,2098.000000,2117.500000,2080.000000,2093.080078
1/25/2022,7:10:00 PM,2085.000000,2116.080078,2077.500000,2109.520020
1/25/2022,7:11:00 PM,2122.699951,2122.699951,2087.500000,2108.665039
1/25/2022,7:12:00 PM,2123.600098,2123.600098,2010.000000,2019.224976
1/25/2022,7:13:00 PM,2020.000000,2058.000000,2020.000000,2034.030029
1/25/2022,7:14:00 PM,2045.000000,2064.169922,2021.099976,2028.930054
1/25/2022,7:15:00 PM,1954.729980,2037.560059,1951.165039,1988.344971
1/25/2022,7:16:00 PM,2000.000000,2013.994995,1945.000000,1951.265015
1/25/2022,7:17:00 PM,1971.199951,1980.000000,1935.609985,1948.704956
1/25/2022,7:18:00 PM,1962.500000,2064.159912,1926.099976,2039.119995
1/25/2022,7:19:00 PM,2050.000000,2051.695068,1966.670044,1973.630005
1/25/2022,7:20:00 PM,1985.500000,1985.500000,1879.000000,1905.724976
1/25/2022,7:21:00 PM,1925.000000,1936.895020,1894.500000,1900.925049
1/25/2022,7:22:00 PM,1900.000000,1936.000000,1892.579956,1927.785034
1/25/2022,7:23:00 PM,1927.099976,1949.000000,1917.079956,1935.530029
1/25/2022,7:24:00 PM,1927.000000,1935.000000,1850.500000,1870.354980
1/25/2022,7:25:00 PM,1890.000000,1894.875000,1845.010010,1853.589966
1/25/2022,7:26:00 PM,1850.000000,1879.194946,1833.959961,1876.035034
1/25/2022,7:27:00 PM,1890.500000,1903.895020,1871.060059,1887.520020
1/25/2022,7:28:00 PM,1886.989990,1903.000000,1854.449951,1884.864990
1/25/2022,7:29:00 PM,1870.000000,1870.000000,1780.010010,1794.994995
1/25/2022,7:30:00 PM,1813.500000,1823.000000,1732.099976,1753.229980
1/25/2022,7:31:00 PM,1743.000000,1760.000000,1703.540039,1715.694946
1/25/2022,7:32:00 PM,1716.780029,1724.800049,1690.609985,1705.339966
1/25/2022,7:33:00 PM,1669.699951,1684.800049,1631.704956,1660.234985
1/25/2022,7:34:00 PM,1666.599976,1778.290039,1664.300049,1701.339966
1/25/2022,7:35:00 PM,1750.000000,1804.099976,1740.000000,1788.844971
1/25/2022,7:36:00 PM,1795.400024,1828.000000,1687.000000,1725.420044
1/25/2022,7:37:00 PM,1745.000000,1788.800049,1716.180054,1777.535034
1/25/2022,7:38:00 PM,1735.000000,1787.150024,1682.199951,1774.354980
1/25/2022,7:39:00 PM,1709.900024,1799.900024,1704.515015,1788.579956
1/25/2022,7:40:00 PM,1788.579956,1826.694946,1751.699951,1775.359985
1/25/2022,7:41:00 PM,1699.979980,1728.150024,1670.000000,1687.775024
1/25/2022,7:42:00 PM,1590.000000,1852.864990,1520.199951,1767.214966
1/25/2022,7:43:00 PM,1687.489990,1735.675049,1636.000000,1649.369995
1/25/2022,7:44:00 PM,1671.000000,1746.000000,1660.005005,1706.109985
1/25/2022,7:45:00 PM,1711.010010,1745.000000,1582.814941,1595.415039
1/25/2022,7:46:00 PM,1515.000000,1607.000000,1485.305054,1504.645020
1/25/2022,7:47:00 PM,1539.449951,1599.900024,1446.564941,1567.844971
1/25/2022,7:48:00 PM,1435.099976,1724.000000,1332.670044,1370.589966
1/25/2022,7:49:00 PM,1400.000000,1455.500000,1388.000000,1420.849976
1/25/2022,7:50:00 PM,1370.500000,1480.000000,1370.500000,1451.660034
1/25/2022,7:51:00 PM,1463.000000,1516.599976,1450.000000,1475.795044
1/25/2022,7:52:00 PM,1524.300049,1539.599976,1400.000000,1431.979980
1/25/2022,7:53:00 PM,1409.800049,1409.800049,1310.000000,1333.310059
1/25/2022,7:54:00 PM,1365.900024,1367.614990,1295.000000,1309.589966
1/25/2022,7:55:00 PM,1309.589966,1331.900024,1272.500000,1300.160034
1/25/2022,7:56:00 PM,1306.000000,1309.989990,1260.000000,1268.005005
1/25/2022,7:57:00 PM,1307.079956,1321.199951,1245.010010,1309.604980
1/25/2022,7:58:00 PM,1300.000000,1365.000000,1280.000000,1315.849976
1/25/2022,7:59:00 PM,1340.000000,1404.614990,1316.260010,1374.229980
1/25/2022,8:00:00 PM,1373.000000,1373.000000,1330.500000,1340.055054
1/25/2022,8:01:00 PM,1360.000000,1387.194946,1312.270020,1331.489990
1/25/2022,8:02:00 PM,1331.500000,1353.385010,1304.199951,1337.135010
1/25/2022,8:03:00 PM,1376.000000,1497.795044,1361.900024,1477.035034
1/25/2022,8:04:00 PM,1477.035034,1480.035034,1406.030029,1421.444946
1/25/2022,8:05:00 PM,1395.515015,1398.500000,1345.000000,1349.500000
1/25/2022,8:06:00 PM,1349.500000,1394.494995,1320.000000,1370.329956
1/25/2022,8:07:00 PM,1380.000000,1425.000000,1371.000000,1406.834961
1/25/2022,8:08:00 PM,1406.800049,1409.099976,1350.510010,1358.920044
1/25/2022,8:09:00 PM,1390.199951,1420.000000,1381.489990,1399.949951
1/25/2022,8:10:00 PM,1411.000000,1438.500000,1410.050049,1432.685059
1/25/2022,8:11:00 PM,1440.989990,1445.000000,1412.555054,1431.574951
1/25/2022,8:12:00 PM,1458.020020,1490.000000,1440.199951,1470.795044
1/25/2022,8:13:00 PM,1439.000000,1439.000000,1361.435059,1374.880005
1/25/2022,8:14:00 PM,1400.000000,1416.290039,1366.599976,1381.094971
1/25/2022,8:15:00 PM,1382.500000,1417.540039,1360.000000,1385.994995
1/25/2022,8:16:00 PM,1385.994995,1410.500000,1371.290039,1401.050049
1/25/2022,8:17:00 PM,1423.079956,1433.079956,1357.099976,1385.885010
1/25/2022,8:18:00 PM,1405.994995,1455.000000,1400.000000,1428.895020
1/25/2022,8:19:00 PM,1424.000000,1426.944946,1378.900024,1416.704956
1/25/2022,8:20:00 PM,1497.000000,1497.000000,1418.469971,1427.165039
1/25/2022,8:21:00 PM,1412.000000,1427.015015,1398.000000,1403.185059
1/25/2022,8:22:00 PM,1408.000000,1419.900024,1365.000000,1409.959961
1/25/2022,8:23:00 PM,1405.020020,1405.020020,1285.545044,1298.819946
1/25/2022,8:24:00 PM,1330.000000,1334.630005,1287.505005,1296.619995
1/25/2022,8:25:00 PM,1296.619995,1380.000000,1286.800049,1367.510010
1/25/2022,8:26:00 PM,1347.699951,1419.900024,1335.609985,1408.760010
1/25/2022,8:27:00 PM,1390.099976,1409.795044,1370.000000,1392.239990
1/25/2022,8:28:00 PM,1410.500000,1487.500000,1406.500000,1480.510010
1/25/2022,8:29:00 PM,1488.000000,1512.000000,1450.500000,1496.694946
1/25/2022,8:30:00 PM,1512.000000,1643.000000,1504.800049,1623.650024
1/25/2022,8:31:00 PM,1590.300049,1699.694946,1580.099976,1654.844971
1/25/2022,8:32:00 PM,1690.000000,1738.000000,1680.130005,1698.574951
1/25/2022,8:33:00 PM,1720.000000,1750.000000,1700.000000,1739.625000
1/25/2022,8:34:00 PM,1790.000000,1790.000000,1740.005005,1754.285034
1/25/2022,8:35:00 PM,1747.500000,1770.000000,1705.479980,1727.295044
1/25/2022,8:36:00 PM,1745.000000,1762.000000,1731.010010,1749.535034
1/25/2022,8:37:00 PM,1785.000000,1786.545044,1679.000000,1689.484985
1/25/2022,8:38:00 PM,1695.000000,1734.810059,1665.280029,1702.685059
1/25/2022,8:39:00 PM,1702.685059,1726.959961,1692.709961,1709.005005
1/25/2022,8:40:00 PM,1709.005005,1725.000000,1628.675049,1644.280029
1/25/2022,8:41:00 PM,1560.000000,1698.974976,1559.109985,1685.729980
1/25/2022,8:42:00 PM,1659.994995,1735.099976,1627.609985,1648.194946
1/25/2022,8:43:00 PM,1700.000000,1700.000000,1638.209961,1670.905029
1/25/2022,8:44:00 PM,1680.000000,1696.000000,1655.000000,1679.685059
1/25/2022,8:45:00 PM,1678.849976,1718.000000,1661.010010,1711.604980
1/25/2022,8:46:00 PM,1720.000000,1755.000000,1688.000000,1734.935059
1/25/2022,8:47:00 PM,1734.935059,1779.474976,1721.724976,1758.895020
1/25/2022,8:48:00 PM,1761.000000,1800.000000,1761.000000,1789.114990
1/25/2022,8:49:00 PM,1810.000000,1849.000000,1785.005005,1843.685059
1/25/2022,8:50:00 PM,1837.494995,1837.494995,1792.000000,1809.069946
1/25/2022,8:51:00 PM,1829.000000,1855.109985,1809.699951,1847.339966
1/25/2022,8:52:00 PM,1837.744995,1847.000000,1802.000000,1811.349976
1/25/2022,8:53:00 PM,1825.000000,1853.000000,1820.099976,1833.430054
1/25/2022,8:54:00 PM,1854.000000,1864.954956,1830.099976,1840.194946
1/25/2022,8:55:00 PM,1840.194946,1854.895020,1797.000000,1835.359985
1/25/2022,8:56:00 PM,1835.359985,1924.900024,1835.359985,1898.349976
1/25/2022,8:57:00 PM,1967.000000,1967.000000,1907.180054,1925.094971
1/25/2022,8:58:00 PM,1925.094971,2005.550049,1925.000000,1993.064941
1/25/2022,8:59:00 PM,1993.064941,2010.000000,1931.135010,1939.170044
1/25/2022,9:00:00 PM,1957.000000,1965.000000,1929.864990,1948.324951
1/25/2022,9:01:00 PM,1950.000000,1974.500000,1935.000000,1944.785034
1/25/2022,9:02:00 PM,1961.000000,1972.900024,1945.000000,1965.500000
1/25/2022,9:03:00 PM,1965.500000,1965.959961,1869.454956,1885.015015
1/25/2022,9:04:00 PM,1901.000000,1919.900024,1846.500000,1856.255005
1/25/2022,9:05:00 PM,1860.000000,1903.900024,1832.500000,1863.954956
1/25/2022,9:06:00 PM,1871.000000,1912.300049,1865.145020,1881.079956
1/25/2022,9:07:00 PM,1895.000000,1928.000000,1876.699951,1918.765015
1/25/2022,9:08:00 PM,1929.204956,2028.699951,1929.204956,2011.665039
1/25/2022,9:09:00 PM,2024.000000,2030.000000,1974.199951,1989.055054
1/25/2022,9:10:00 PM,1988.000000,2104.534912,1976.015015,2088.245117
1/25/2022,9:11:00 PM,2020.000000,2087.100098,2020.000000,2080.034912
1/25/2022,9:12:00 PM,2080.034912,2085.000000,2040.000000,2053.770020
1/25/2022,9:13:00 PM,2055.969971,2116.820068,2055.000000,2105.324951
1/25/2022,9:14:00 PM,2099.899902,2155.000000,2090.024902,2140.094971
1/25/2022,9:15:00 PM,2145.000000,2172.500000,2103.139893,2120.135010
1/25/2022,9:16:00 PM,2144.135010,2148.659912,2056.699951,2063.870117
1/25/2022,9:17:00 PM,2072.500000,2129.399902,2065.320068,2078.215088
1/25/2022,9:18:00 PM,2104.500000,2127.495117,2080.000000,2101.564941
1/25/2022,9:19:00 PM,2121.084961,2226.830078,2116.000000,2195.875000
1/25/2022,9:20:00 PM,2195.955078,2209.995117,2155.875000,2168.129883
1/25/2022,9:21:00 PM,2170.000000,2214.284912,2156.000000,2180.735107
1/25/2022,9:22:00 PM,2189.800049,2199.899902,2124.000000,2135.310059
1/25/2022,9:23:00 PM,2158.000000,2167.000000,2125.000000,2144.264893
1/25/2022,9:24:00 PM,2169.995117,2233.995117,2150.000000,2211.665039
1/25/2022,9:25:00 PM,2211.665039,2229.995117,2155.514893,2167.294922
1/25/2022,9:26:00 PM,2169.800049,2175.014893,2006.665039,2014.415039
1/25/2022,9:27:00 PM,2047.199951,2134.010010,2014.415039,2113.469971
1/25/2022,9:28:00 PM,2111.570068,2166.959961,2107.135010,2140.469971
1/25/2022,9:29:00 PM,2155.000000,2178.100098,2116.500000,2126.135010
1/25/2022,9:30:00 PM,2120.000000,2153.000000,2090.000000,2137.135010
1/25/2022,9:31:00 PM,2170.000000,2184.399902,2148.000000,2170.239990
1/25/2022,9:32:00 PM,2199.449951,2387.250000,2151.699951,2176.449951
1/25/2022,9:33:00 PM,2214.000000,2250.000000,2182.149902,2217.250000
1/25/2022,9:34:00 PM,2280.050049,2288.000000,2235.000000,2248.850098
1/25/2022,9:35:00 PM,2249.750000,2255.000000,2215.000000,2236.350098
1/25/2022,9:36:00 PM,2240.000000,2256.000000,2200.000000,2213.600098
1/25/2022,9:37:00 PM,2225.000000,2229.000000,2072.750000,2092.000000
1/25/2022,9:38:00 PM,2110.000000,2174.000000,2106.000000,2131.100098
1/25/2022,9:39:00 PM,2131.100098,2187.649902,2101.399902,2169.850098
1/25/2022,9:40:00 PM,2175.000000,2260.000000,2162.500000,2231.149902
1/25/2022,9:41:00 PM,2167.000000,2226.000000,2165.000000,2180.850098
1/25/2022,9:42:00 PM,2205.000000,2215.000000,2156.000000,2192.899902
1/25/2022,9:43:00 PM,2203.899902,2217.000000,2150.000000,2161.500000
1/25/2022,9:44:00 PM,2139.899902,2190.800049,2125.649902,2176.949951
1/25/2022,9:45:00 PM,2196.949951,2198.000000,2152.600098,2175.600098
1/25/2022,9:46:00 PM,2165.000000,2178.699951,2140.100098,2160.300049
1/25/2022,9:47:00 PM,2165.000000,2198.000000,2148.300049,2159.399902
1/25/2022,9:48:00 PM,2159.399902,2170.300049,2120.000000,2140.600098
1/25/2022,9:49:00 PM,2155.000000,2187.850098,2145.000000,2163.750000
1/25/2022,9:50:00 PM,2146.000000,2161.949951,2125.000000,2145.449951
1/25/2022,9:51:00 PM,2160.000000,2203.800049,2135.199951,2152.949951
1/25/2022,9:52:00 PM,2153.050049,2160.899902,2088.100098,2102.949951
1/25/2022,9:53:00 PM,2104.000000,2122.149902,2033.650024,2064.350098
1/25/2022,9:54:00 PM,2084.949951,2126.850098,2050.000000,2076.800049
1/25/2022,9:55:00 PM,2052.449951,2079.000000,2023.000000,2034.449951
1/25/2022,9:56:00 PM,2063.899902,2135.000000,2050.000000,2117.500000
1/25/2022,9:57:00 PM,2135.000000,2209.000000,2128.000000,2180.949951
1/25/2022,9:58:00 PM,2190.000000,2218.500000,2180.000000,2198.500000
1/25/2022,9:59:00 PM,2204.899902,2221.000000,2185.649902,2202.800049
1/25/2022,10:00:00 PM,2190.000000,2230.000000,2180.850098,2197.649902
1/25/2022,10:01:00 PM,2210.649902,2225.000000,2182.199951,2210.149902
1/25/2022,10:02:00 PM,2223.800049,2235.000000,2176.100098,2197.600098
1/25/2022,10:03:00 PM,2208.000000,2255.000000,2170.000000,2238.000000
1/25/2022,10:04:00 PM,2253.000000,2256.800049,2175.000000,2208.800049
1/25/2022,10:05:00 PM,2211.199951,2234.699951,2196.649902,2217.949951
1/25/2022,10:06:00 PM,2233.000000,2233.000000,2171.149902,2181.350098
1/25/2022,10:07:00 PM,2184.250000,2235.000000,2178.350098,2219.550049
1/25/2022,10:08:00 PM,2201.199951,2266.899902,2190.000000,2253.899902
1/25/2022,10:09:00 PM,2252.050049,2303.000000,2226.050049,2248.600098
1/25/2022,10:10:00 PM,2244.000000,2285.000000,2244.000000,2269.899902
1/25/2022,10:11:00 PM,2280.000000,2280.000000,2185.199951,2198.149902
1/25/2022,10:12:00 PM,2210.000000,2235.000000,2190.000000,2194.449951
1/25/2022,10:13:00 PM,2212.300049,2222.500000,2143.100098,2181.350098
1/25/2022,10:14:00 PM,2178.899902,2178.899902,2140.000000,2159.449951
1/25/2022,10:15:00 PM,2162.000000,2198.500000,2160.000000,2181.899902
1/25/2022,10:16:00 PM,2188.000000,2214.649902,2091.149902,2108.100098
1/25/2022,10:17:00 PM,2115.000000,2134.899902,2081.000000,2118.250000
1/25/2022,10:18:00 PM,2125.449951,2146.350098,2100.500000,2135.000000
1/25/2022,10:19:00 PM,2130.000000,2145.000000,2100.050049,2136.850098
1/25/2022,10:20:00 PM,2123.199951,2147.399902,2070.550049,2085.600098
1/25/2022,10:21:00 PM,2079.800049,2096.100098,2015.199951,2029.650024
1/25/2022,10:22:00 PM,2038.000000,2115.000000,2038.000000,2095.000000
1/25/2022,10:23:00 PM,2093.000000,2124.949951,2070.000000,2097.399902
1/25/2022,10:24:00 PM,2122.000000,2142.199951,2103.000000,2119.800049
1/25/2022,10:25:00 PM,2128.000000,2153.949951,2112.000000,2139.050049
1/25/2022,10:26:00 PM,2153.000000,2201.949951,2142.000000,2192.850098
1/25/2022,10:27:00 PM,2212.000000,2257.449951,2192.199951,2234.850098
1/25/2022,10:28:00 PM,2234.850098,2333.000000,2221.699951,2326.699951
1/25/2022,10:29:00 PM,2326.000000,2368.500000,2302.000000,2350.750000
1/25/2022,10:30:00 PM,2318.000000,2574.399902,2317.500000,2514.600098
1/25/2022,10:31:00 PM,2540.000000,2588.000000,2502.750000,2540.550049
1/25/2022,10:32:00 PM,2540.550049,2564.000000,2491.149902,2541.699951
1/25/2022,10:33:00 PM,2526.000000,2630.000000,2513.699951,2614.149902
1/25/2022,10:34:00 PM,2566.100098,2658.000000,2538.500000,2551.250000
1/25/2022,10:35:00 PM,2565.000000,2600.000000,2542.300049,2590.649902
1/25/2022,10:36:00 PM,2595.550049,2606.550049,2560.000000,2597.350098
1/25/2022,10:37:00 PM,2596.000000,2715.000000,2590.100098,2693.300049
1/25/2022,10:38:00 PM,2696.000000,2727.000000,2581.250000,2595.100098
1/25/2022,10:39:00 PM,2610.000000,2613.000000,2522.500000,2549.199951
1/25/2022,10:40:00 PM,2566.000000,2618.000000,2515.100098,2534.649902
1/25/2022,10:41:00 PM,2559.949951,2584.899902,2525.000000,2532.699951
1/25/2022,10:42:00 PM,2528.000000,2549.899902,2507.000000,2532.500000
1/25/2022,10:43:00 PM,2555.000000,2580.000000,2535.000000,2549.500000
1/25/2022,10:44:00 PM,2564.800049,2597.699951,2532.500000,2553.500000
1/25/2022,10:45:00 PM,2553.500000,2573.550049,2540.000000,2561.149902
1/25/2022,10:46:00 PM,2561.149902,2609.000000,2515.350098,2548.199951
1/25/2022,10:47:00 PM,2551.100098,2560.649902,2530.100098,2547.250000
1/25/2022,10:48:00 PM,2558.000000,2558.000000,2487.100098,2492.649902
1/25/2022,10:49:00 PM,2492.649902,2507.949951,2451.850098,2470.800049
1/25/2022,10:50:00 PM,2465.000000,2465.000000,2392.300049,2400.449951
1/25/2022,10:51:00 PM,2410.800049,2488.000000,2409.500000,2475.199951
1/25/2022,10:52:00 PM,2500.000000,2506.449951,2446.000000,2470.100098
1/25/2022,10:53:00 PM,2471.699951,2495.000000,2440.000000,2466.600098
1/25/2022,10:54:00 PM,2459.000000,2490.000000,2425.199951,2480.949951
1/25/2022,10:55:00 PM,2460.000000,2497.350098,2340.600098,2396.399902
1/25/2022,10:56:00 PM,2400.000000,2464.000000,2382.449951,2446.699951
1/25/2022,10:57:00 PM,2446.000000,2474.949951,2417.000000,2446.699951
1/25/2022,10:58:00 PM,2459.000000,2474.000000,2427.500000,2436.750000
1/25/2022,10:59:00 PM,2441.100098,2462.000000,2425.550049,2451.350098
1/25/2022,11:00:00 PM,2455.000000,2503.000000,2435.850098,2460.550049
1/25/2022,11:01:00 PM,2479.000000,2525.000000,2454.350098,2517.350098
1/25/2022,11:02:00 PM,2530.000000,2547.350098,2485.100098,2530.899902
1/25/2022,11:03:00 PM,2531.000000,2555.000000,2515.800049,2542.699951
1/25/2022,11:04:00 PM,2591.000000,2670.000000,2580.000000,2655.699951
1/25/2022,11:05:00 PM,2630.000000,2685.000000,2616.000000,2674.899902
1/25/2022,11:06:00 PM,2668.000000,2672.000000,2610.000000,2645.350098
1/25/2022,11:07:00 PM,2660.000000,2715.649902,2640.750000,2649.800049
1/25/2022,11:08:00 PM,2661.000000,2771.300049,2661.000000,2760.850098
1/25/2022,11:09:00 PM,2767.000000,2808.649902,2726.699951,2777.149902
1/25/2022,11:10:00 PM,2777.199951,2949.000000,2777.199951,2881.649902
1/25/2022,11:11:00 PM,2869.500000,2910.399902,2836.649902,2868.649902
1/25/2022,11:12:00 PM,2880.000000,2906.949951,2841.000000,2886.600098
1/25/2022,11:13:00 PM,2880.000000,2902.000000,2840.000000,2857.300049
1/25/2022,11:14:00 PM,2853.149902,2912.699951,2815.000000,2873.000000
1/25/2022,11:15:00 PM,2888.000000,2929.000000,2852.149902,2883.500000
1/25/2022,11:16:00 PM,2887.199951,2964.000000,2865.649902,2881.550049
1/25/2022,11:17:00 PM,2896.000000,2955.000000,2895.050049,2926.600098
1/25/2022,11:18:00 PM,2900.000000,3037.000000,2900.000000,2972.600098
1/25/2022,11:19:00 PM,3029.949951,3029.949951,2851.250000,2869.550049
1/25/2022,11:20:00 PM,2899.949951,2932.399902,2769.500000,2789.899902
1/25/2022,11:21:00 PM,2780.000000,2830.000000,2738.350098,2798.449951
1/25/2022,11:22:00 PM,2812.399902,2870.449951,2726.949951,2744.300049
1/25/2022,11:23:00 PM,2777.000000,2868.050049,2698.550049,2842.850098
1/25/2022,11:24:00 PM,2920.000000,2920.000000,2825.949951,2904.850098
1/25/2022,11:25:00 PM,2904.850098,2948.000000,2871.500000,2916.899902
1/25/2022,11:26:00 PM,2900.899902,2978.000000,2881.000000,2963.449951
1/25/2022,11:27:00 PM,2973.199951,2990.000000,2905.199951,2932.149902
1/25/2022,11:28:00 PM,2934.000000,2986.000000,2930.100098,2970.399902
1/25/2022,11:29:00 PM,2993.300049,3018.000000,2936.050049,2947.649902
1/25/2022,11:30:00 PM,2968.000000,2998.899902,2876.750000,2901.300049
1/25/2022,11:31:00 PM,2750.000000,2840.800049,2701.300049,2818.149902
1/25/2022,11:32:00 PM,2840.000000,2844.949951,2765.050049,2781.250000
1/25/2022,11:33:00 PM,2796.000000,2809.000000,2758.000000,2770.050049
1/25/2022,11:34:00 PM,2770.050049,2778.149902,2692.449951,2726.949951
1/25/2022,11:35:00 PM,2720.000000,2745.000000,2685.000000,2695.500000
1/25/2022,11:36:00 PM,2701.100098,2712.850098,2625.000000,2650.199951
1/25/2022,11:37:00 PM,2646.000000,2647.899902,2570.000000,2584.649902
1/25/2022,11:38:00 PM,2586.100098,2590.000000,2450.000000,2482.350098
1/25/2022,11:39:00 PM,2476.199951,2549.800049,2456.850098,2514.699951
1/25/2022,11:40:00 PM,2530.050049,2562.850098,2500.000000,2535.800049
1/25/2022,11:41:00 PM,2555.000000,2558.949951,2517.000000,2551.949951
1/25/2022,11:42:00 PM,2529.699951,2546.949951,2463.649902,2498.600098
1/25/2022,11:43:00 PM,2523.000000,2568.899902,2497.149902,2556.149902
1/25/2022,11:44:00 PM,2584.000000,2611.000000,2530.000000,2602.300049
1/25/2022,11:45:00 PM,2605.800049,2626.850098,2571.100098,2599.050049
1/25/2022,11:46:00 PM,2570.000000,2633.000000,2545.350098,2593.199951
1/25/2022,11:47:00 PM,2584.800049,2634.199951,2560.000000,2587.750000
1/25/2022,11:48:00 PM,2600.649902,2643.500000,2575.000000,2583.250000
1/25/2022,11:49:00 PM,2600.000000,2618.300049,2573.000000,2592.699951
1/25/2022,11:50:00 PM,2600.000000,2687.000000,2598.899902,2672.300049
1/25/2022,11:51:00 PM,2699.000000,2699.000000,2610.100098,2637.500000
1/25/2022,11:52:00 PM,2640.600098,2683.500000,2585.350098,2669.449951
1/25/2022,11:53:00 PM,2652.449951,2683.649902,2626.000000,2661.050049
1/25/2022,11:54:00 PM,2667.050049,2668.899902,2630.050049,2647.000000
1/25/2022,11:55:00 PM,2665.600098,2697.949951,2635.000000,2664.600098
1/25/2022,11:56:00 PM,2644.000000,2677.000000,2600.000000,2661.500000
1/25/2022,11:57:00 PM,2668.000000,2692.000000,2650.050049,2676.850098
1/25/2022,11:58:00 PM,2679.000000,2716.000000,2666.000000,2702.750000
1/25/2022,11:59:00 PM,2700.000000,2706.500000,2629.050049,2660.649902
1/26/2022,12:00:00 AM,2635.550049,2651.000000,2548.000000,2580.449951
1/26/2022,12:01:00 AM,2620.000000,2620.949951,2551.050049,2560.550049
1/26/2022,12:02:00 AM,2574.000000,2653.699951,2561.350098,2639.949951
1/26/2022,12:03:00 AM,2635.000000,2648.699951,2580.100098,2603.949951
1/26/2022,12:04:00 AM,2610.800049,2649.000000,2588.850098,2631.149902
1/26/2022,12:05:00 AM,2596.000000,2603.000000,2507.000000,2517.199951
1/26/2022,12:06:00 AM,2534.800049,2553.000000,2478.050049,2486.600098
1/26/2022,12:07:00 AM,2500.000000,2547.199951,2490.000000,2538.199951
1/26/2022,12:08:00 AM,2558.500000,2595.000000,2548.000000,2553.000000
1/26/2022,12:09:00 AM,2550.000000,2575.000000,2515.000000,2521.600098
1/26/2022,12:10:00 AM,2490.000000,2510.000000,2395.149902,2427.199951
1/26/2022,12:11:00 AM,2427.199951,2504.949951,2420.199951,2493.850098
1/26/2022,12:12:00 AM,2475.000000,2489.899902,2378.000000,2412.600098
1/26/2022,12:13:00 AM,2415.000000,2469.899902,2415.000000,2434.850098
1/26/2022,12:14:00 AM,2375.000000,2386.000000,2318.100098,2370.350098
1/26/2022,12:15:00 AM,2399.850098,2404.449951,2318.899902,2340.000000
1/26/2022,12:16:00 AM,2326.800049,2348.100098,2303.699951,2337.850098
1/26/2022,12:17:00 AM,2310.000000,2357.149902,2304.100098,2317.300049
1/26/2022,12:18:00 AM,2329.500000,2376.149902,2329.500000,2369.850098
1/26/2022,12:19:00 AM,2369.850098,2407.000000,2366.699951,2400.100098
1/26/2022,12:20:00 AM,2428.000000,2540.000000,2410.149902,2521.199951
1/26/2022,12:21:00 AM,2526.000000,2547.250000,2452.899902,2462.899902
1/26/2022,12:22:00 AM,2442.000000,2470.250000,2414.000000,2421.649902
1/26/2022,12:23:00 AM,2382.500000,2416.250000,2367.500000,2396.250000
1/26/2022,12:24:00 AM,2398.399902,2416.850098,2356.100098,2368.000000
1/26/2022,12:25:00 AM,2377.000000,2387.199951,2356.550049,2372.399902
1/26/2022,12:26:00 AM,2384.800049,2447.949951,2377.000000,2443.250000
1/26/2022,12:27:00 AM,2450.000000,2457.050049,2403.100098,2417.149902
1/26/2022,12:28:00 AM,2427.149902,2450.000000,2417.550049,2447.250000
1/26/2022,12:29:00 AM,2410.500000,2477.899902,2410.500000,2471.199951
1/26/2022,12:30:00 AM,2464.000000,2485.000000,2438.149902,2456.449951
1/26/2022,12:31:00 AM,2455.199951,2457.600098,2400.000000,2415.199951
1/26/2022,12:32:00 AM,2417.000000,2489.949951,2410.050049,2484.350098
1/26/2022,12:33:00 AM,2500.000000,2583.899902,2492.600098,2571.850098
1/26/2022,12:34:00 AM,2550.000000,2615.000000,2540.350098,2564.699951
1/26/2022,12:35:00 AM,2565.000000,2582.000000,2521.199951,2530.600098
1/26/2022,12:36:00 AM,2550.000000,2559.500000,2513.550049,2522.300049
1/26/2022,12:37:00 AM,2541.000000,2579.000000,2526.600098,2551.199951
1/26/2022,12:38:00 AM,2565.000000,2634.000000,2565.000000,2625.050049
1/26/2022,12:39:00 AM,2640.000000,2656.149902,2607.050049,2633.500000
1/26/2022,12:40:00 AM,2649.000000,2677.000000,2589.149902,2604.050049
1/26/2022,12:41:00 AM,2630.000000,2710.000000,2626.100098,2638.449951
1/26/2022,12:42:00 AM,2638.449951,2686.000000,2615.399902,2676.149902
1/26/2022,12:43:00 AM,2610.000000,2704.000000,2610.000000,2665.800049
1/26/2022,12:44:00 AM,2645.550049,2694.000000,2638.100098,2677.750000
1/26/2022,12:45:00 AM,2680.199951,2774.500000,2678.050049,2767.750000
1/26/2022,12:46:00 AM,2767.449951,2775.000000,2724.100098,2744.600098
1/26/2022,12:47:00 AM,2750.250000,2797.899902,2745.100098,2754.449951
1/26/2022,12:48:00 AM,2765.000000,2779.000000,2745.000000,2763.800049
1/26/2022,12:49:00 AM,2766.199951,2774.449951,2718.100098,2729.050049
1/26/2022,12:50:00 AM,2729.050049,2755.000000,2691.000000,2705.050049
1/26/2022,12:51:00 AM,2721.399902,2752.550049,2710.850098,2746.399902
1/26/2022,12:52:00 AM,2740.000000,2771.850098,2711.000000,2744.949951
1/26/2022,12:53:00 AM,2745.000000,2787.050049,2740.649902,2763.500000
1/26/2022,12:54:00 AM,2751.000000,2777.649902,2724.300049,2741.050049
1/26/2022,12:55:00 AM,2720.000000,2772.899902,2664.699951,2673.750000
1/26/2022,12:56:00 AM,2673.899902,2715.000000,2644.199951,2707.550049
1/26/2022,12:57:00 AM,2662.000000,2742.000000,2662.000000,2698.449951
1/26/2022,12:58:00 AM,2700.000000,2759.350098,2698.000000,2718.199951
1/26/2022,12:59:00 AM,2721.000000,2763.000000,2708.600098,2728.600098
1/26/2022,1:00:00 AM,2728.600098,2735.000000,2694.000000,2706.750000
1/26/2022,1:01:00 AM,2701.000000,2725.000000,2683.000000,2720.800049
1/26/2022,1:02:00 AM,2723.500000,2752.949951,2712.600098,2740.449951
1/26/2022,1:03:00 AM,2740.000000,2749.000000,2700.000000,2705.100098
1/26/2022,1:04:00 AM,2707.550049,2725.000000,2665.149902,2671.149902
1/26/2022,1:05:00 AM,2680.000000,2709.000000,2667.899902,2675.300049
1/26/2022,1:06:00 AM,2674.000000,2691.100098,2642.000000,2661.000000
1/26/2022,1:07:00 AM,2675.649902,2720.000000,2671.149902,2701.050049
1/26/2022,1:08:00 AM,2704.000000,2731.149902,2693.449951,2711.149902
1/26/2022,1:09:00 AM,2716.550049,2738.899902,2696.800049,2710.850098
1/26/2022,1:10:00 AM,2705.100098,2737.000000,2705.100098,2729.300049
1/26/2022,1:11:00 AM,2740.000000,2765.000000,2686.050049,2712.149902
1/26/2022,1:12:00 AM,2720.000000,2743.949951,2705.000000,2709.500000
1/26/2022,1:13:00 AM,2725.000000,2744.850098,2700.000000,2706.699951
1/26/2022,1:14:00 AM,2709.449951,2714.000000,2687.600098,2700.000000
1/26/2022,1:15:00 AM,2710.000000,2711.350098,2652.000000,2667.500000
1/26/2022,1:16:00 AM,2667.500000,2671.300049,2607.800049,2617.250000
1/26/2022,1:17:00 AM,2609.000000,2617.250000,2571.000000,2579.750000
1/26/2022,1:18:00 AM,2580.000000,2601.000000,2537.649902,2554.850098
1/26/2022,1:19:00 AM,2584.949951,2584.949951,2529.000000,2560.100098
1/26/2022,1:20:00 AM,2565.949951,2578.000000,2542.000000,2549.649902
1/26/2022,1:21:00 AM,2544.800049,2585.000000,2540.000000,2563.199951
1/26/2022,1:22:00 AM,2566.100098,2598.000000,2542.649902,2571.350098
1/26/2022,1:23:00 AM,2576.500000,2576.500000,2523.000000,2550.399902
1/26/2022,1:24:00 AM,2550.000000,2559.949951,2518.000000,2528.149902
1/26/2022,1:25:00 AM,2528.149902,2563.699951,2509.000000,2530.250000
1/26/2022,1:26:00 AM,2558.800049,2615.000000,2535.300049,2602.600098
1/26/2022,1:27:00 AM,2609.800049,2654.899902,2587.100098,2649.300049
1/26/2022,1:28:00 AM,2658.000000,2679.699951,2635.500000,2641.800049
1/26/2022,1:29:00 AM,2650.000000,2757.000000,2642.000000,2732.149902
1/26/2022,1:30:00 AM,2734.699951,2759.350098,2734.699951,2747.350098
1/26/2022,1:31:00 AM,2746.000000,2768.750000,2717.000000,2729.000000
1/26/2022,1:32:00 AM,2729.050049,2754.000000,2709.100098,2734.350098
1/26/2022,1:33:00 AM,2735.550049,2750.000000,2698.000000,2718.250000
1/26/2022,1:34:00 AM,2734.000000,2739.899902,2601.000000,2616.550049
1/26/2022,1:35:00 AM,2575.000000,2628.899902,2523.250000,2546.800049
1/26/2022,1:36:00 AM,2554.000000,2556.550049,2482.000000,2495.850098
1/26/2022,1:37:00 AM,2494.000000,2540.000000,2471.199951,2515.649902
1/26/2022,1:38:00 AM,2526.000000,2599.000000,2526.000000,2589.649902
1/26/2022,1:39:00 AM,2540.000000,2631.800049,2521.250000,2601.649902
1/26/2022,1:40:00 AM,2620.000000,2622.449951,2535.000000,2544.000000
1/26/2022,1:41:00 AM,2557.399902,2575.000000,2518.000000,2547.899902
1/26/2022,1:42:00 AM,2559.000000,2583.250000,2541.199951,2579.500000
1/26/2022,1:43:00 AM,2564.500000,2585.000000,2546.500000,2578.750000
1/26/2022,1:44:00 AM,2570.199951,2586.600098,2547.600098,2576.100098
1/26/2022,1:45:00 AM,2580.699951,2608.199951,2545.800049,2553.949951
1/26/2022,1:46:00 AM,2554.000000,2697.899902,2545.000000,2679.250000
1/26/2022,1:47:00 AM,2680.000000,2767.000000,2662.050049,2703.149902
1/26/2022,1:48:00 AM,2703.000000,2747.800049,2686.550049,2733.199951
1/26/2022,1:49:00 AM,2738.649902,2857.000000,2713.000000,2802.600098
1/26/2022,1:50:00 AM,2802.600098,2888.000000,2802.600098,2844.899902
1/26/2022,1:51:00 AM,2844.899902,2880.000000,2806.000000,2823.149902
1/26/2022,1:52:00 AM,2803.100098,2823.149902,2762.250000,2800.000000
1/26/2022,1:53:00 AM,2798.000000,2832.949951,2772.000000,2818.199951
1/26/2022,1:54:00 AM,2815.000000,2815.000000,2777.050049,2805.000000
1/26/2022,1:55:00 AM,2818.800049,2870.000000,2809.649902,2820.300049
1/26/2022,1:56:00 AM,2820.300049,2851.949951,2801.199951,2841.949951
1/26/2022,1:57:00 AM,2868.000000,2883.399902,2843.550049,2860.199951
1/26/2022,1:58:00 AM,2865.300049,2934.949951,2864.300049,2898.550049
1/26/2022,1:59:00 AM,2856.100098,2858.550049,2756.649902,2813.000000
1/26/2022,2:00:00 AM,2810.000000,2859.899902,2788.800049,2854.399902
1/26/2022,2:01:00 AM,2860.000000,2879.500000,2825.000000,2842.850098
1/26/2022,2:02:00 AM,2851.600098,2876.699951,2843.399902,2857.050049
1/26/2022,2:03:00 AM,2861.500000,2948.050049,2861.500000,2931.000000
1/26/2022,2:04:00 AM,2965.000000,2994.000000,2868.350098,2879.350098
1/26/2022,2:05:00 AM,2882.000000,2944.649902,2864.500000,2883.050049
1/26/2022,2:06:00 AM,2870.000000,2890.000000,2835.000000,2843.250000
1/26/2022,2:07:00 AM,2843.000000,2846.850098,2771.550049,2790.199951
1/26/2022,2:08:00 AM,2787.000000,2794.100098,2752.199951,2772.449951
1/26/2022,2:09:00 AM,2760.000000,2771.000000,2708.000000,2745.899902
1/26/2022,2:10:00 AM,2730.000000,2789.000000,2729.050049,2760.100098
1/26/2022,2:11:00 AM,2770.000000,2783.500000,2713.600098,2728.949951
1/26/2022,2:12:00 AM,2755.000000,2858.899902,2746.100098,2820.949951
1/26/2022,2:13:00 AM,2840.000000,2872.949951,2814.500000,2817.949951
1/26/2022,2:14:00 AM,2830.000000,2898.649902,2828.250000,2851.750000
1/26/2022,2:15:00 AM,2860.000000,2933.399902,2852.050049,2909.600098
1/26/2022,2:16:00 AM,2911.000000,2959.750000,2855.250000,2905.750000
1/26/2022,2:17:00 AM,2905.000000,2923.550049,2845.000000,2853.199951
1/26/2022,2:18:00 AM,2881.000000,2881.000000,2812.850098,2826.350098
1/26/2022,2:19:00 AM,2842.699951,2842.699951,2687.250000,2703.699951
1/26/2022,2:20:00 AM,2705.000000,2711.000000,2616.300049,2651.199951
1/26/2022,2:21:00 AM,2677.000000,2698.000000,2596.399902,2663.350098
1/26/2022,2:22:00 AM,2692.000000,2692.000000,2600.800049,2612.550049
1/26/2022,2:23:00 AM,2602.500000,2624.149902,2532.000000,2561.750000
1/26/2022,2:24:00 AM,2579.899902,2613.000000,2571.949951,2590.250000
1/26/2022,2:25:00 AM,2592.000000,2611.500000,2572.149902,2583.899902
1/26/2022,2:26:00 AM,2583.899902,2589.949951,2518.750000,2527.500000
1/26/2022,2:27:00 AM,2530.000000,2530.000000,2471.550049,2484.800049
1/26/2022,2:28:00 AM,2490.000000,2567.050049,2478.100098,2560.000000
1/26/2022,2:29:00 AM,2559.000000,2573.000000,2526.000000,2542.449951
1/26/2022,2:30:00 AM,2540.300049,2560.000000,2505.199951,2521.850098
1/26/2022,2:31:00 AM,2580.000000,2696.250000,2551.000000,2661.600098
1/26/2022,2:32:00 AM,2724.750000,2777.000000,2680.949951,2711.250000
1/26/2022,2:33:00 AM,2701.199951,2743.550049,2700.699951,2724.250000
1/26/2022,2:34:00 AM,2720.000000,2765.550049,2710.000000,2746.750000
1/26/2022,2:35:00 AM,2730.000000,2742.899902,2686.449951,2704.350098
1/26/2022,2:36:00 AM,2725.000000,2741.350098,2697.550049,2723.000000
1/26/2022,2:37:00 AM,2715.000000,2770.000000,2679.350098,2684.350098
1/26/2022,2:38:00 AM,2684.399902,2739.149902,2650.050049,2710.300049
1/26/2022,2:39:00 AM,2729.949951,2749.550049,2662.949951,2674.199951
1/26/2022,2:40:00 AM,2675.000000,2698.649902,2575.000000,2603.300049
1/26/2022,2:41:00 AM,2600.000000,2603.000000,2516.899902,2548.050049
1/26/2022,2:42:00 AM,2536.000000,2610.949951,2505.699951,2599.199951
1/26/2022,2:43:00 AM,2599.199951,2617.949951,2525.000000,2536.949951
1/26/2022,2:44:00 AM,2545.000000,2545.000000,2497.050049,2520.399902
1/26/2022,2:45:00 AM,2495.000000,2506.100098,2421.500000,2433.899902
1/26/2022,2:46:00 AM,2433.899902,2447.600098,2365.300049,2413.399902
1/26/2022,2:47:00 AM,2415.800049,2447.000000,2360.000000,2370.449951
1/26/2022,2:48:00 AM,2410.000000,2482.449951,2385.050049,2438.300049
1/26/2022,2:49:00 AM,2440.000000,2463.550049,2426.800049,2451.550049
1/26/2022,2:50:00 AM,2450.000000,2497.149902,2445.050049,2455.550049
1/26/2022,2:51:00 AM,2460.000000,2471.850098,2424.050049,2444.100098
1/26/2022,2:52:00 AM,2455.100098,2488.750000,2441.199951,2471.800049
1/26/2022,2:53:00 AM,2465.000000,2516.949951,2465.000000,2505.550049
1/26/2022,2:54:00 AM,2505.550049,2550.100098,2475.000000,2542.949951
1/26/2022,2:55:00 AM,2532.199951,2552.000000,2516.500000,2527.649902
1/26/2022,2:56:00 AM,2554.899902,2557.600098,2481.000000,2496.699951
1/26/2022,2:57:00 AM,2477.000000,2492.350098,2451.000000,2487.449951
1/26/2022,2:58:00 AM,2480.000000,2508.149902,2475.000000,2493.350098
1/26/2022,2:59:00 AM,2502.000000,2509.550049,2431.199951,2471.149902
1/26/2022,3:00:00 AM,2466.000000,2491.000000,2415.050049,2459.000000
1/26/2022,3:01:00 AM,2420.000000,2438.350098,2360.399902,2406.449951
1/26/2022,3:02:00 AM,2417.000000,2437.850098,2390.149902,2416.649902
1/26/2022,3:03:00 AM,2425.000000,2495.000000,2425.000000,2486.850098
1/26/2022,3:04:00 AM,2500.000000,2503.949951,2470.250000,2480.250000
1/26/2022,3:05:00 AM,2485.199951,2504.750000,2432.250000,2437.899902
1/26/2022,3:06:00 AM,2446.000000,2448.250000,2390.649902,2438.949951
1/26/2022,3:07:00 AM,2456.649902,2519.350098,2452.000000,2480.399902
1/26/2022,3:08:00 AM,2471.000000,2571.699951,2470.000000,2562.250000
1/26/2022,3:09:00 AM,2562.250000,2591.800049,2540.199951,2557.000000
1/26/2022,3:10:00 AM,2558.000000,2604.199951,2548.550049,2591.899902
1/26/2022,3:11:00 AM,2620.100098,2733.600098,2620.100098,2718.800049
1/26/2022,3:12:00 AM,2715.000000,2724.899902,2685.500000,2705.000000
1/26/2022,3:13:00 AM,2691.000000,2790.000000,2691.000000,2778.600098
1/26/2022,3:14:00 AM,2748.000000,2828.449951,2720.000000,2817.149902
1/26/2022,3:15:00 AM,2825.000000,2833.600098,2784.750000,2824.399902
1/26/2022,3:16:00 AM,2820.050049,2851.000000,2798.750000,2815.500000
1/26/2022,3:17:00 AM,2814.000000,2829.000000,2781.399902,2794.350098
1/26/2022,3:18:00 AM,2802.000000,2828.899902,2790.050049,2815.899902
1/26/2022,3:19:00 AM,2810.149902,2838.000000,2794.500000,2832.699951
1/26/2022,3:20:00 AM,2838.000000,2845.000000,2798.750000,2819.699951
1/26/2022,3:21:00 AM,2804.000000,2880.000000,2804.000000,2844.300049
1/26/2022,3:22:00 AM,2859.300049,2859.300049,2725.000000,2736.250000
1/26/2022,3:23:00 AM,2736.250000,2746.800049,2685.449951,2718.699951
1/26/2022,3:24:00 AM,2725.000000,2756.000000,2712.100098,2733.800049
1/26/2022,3:25:00 AM,2723.500000,2754.000000,2668.199951,2711.100098
1/26/2022,3:26:00 AM,2695.199951,2729.149902,2621.500000,2656.399902
1/26/2022,3:27:00 AM,2622.100098,2708.949951,2593.649902,2692.000000
1/26/2022,3:28:00 AM,2690.000000,2690.000000,2570.250000,2643.850098
1/26/2022,3:29:00 AM,2655.199951,2747.000000,2598.899902,2610.949951
1/26/2022,3:30:00 AM,2644.899902,2681.000000,2632.899902,2645.500000
1/26/2022,3:31:00 AM,2658.699951,2684.500000,2596.649902,2622.199951
1/26/2022,3:32:00 AM,2622.199951,2722.550049,2622.199951,2669.750000
1/26/2022,3:33:00 AM,2675.100098,2709.850098,2640.000000,2670.850098
1/26/2022,3:34:00 AM,2676.149902,2677.899902,2616.000000,2631.399902
1/26/2022,3:35:00 AM,2631.500000,2646.100098,2561.699951,2601.350098
1/26/2022,3:36:00 AM,2615.000000,2645.000000,2581.699951,2589.149902
1/26/2022,3:37:00 AM,2598.949951,2636.899902,2587.350098,2625.649902
1/26/2022,3:38:00 AM,2625.800049,2664.000000,2615.550049,2640.350098
1/26/2022,3:39:00 AM,2625.000000,2625.399902,2582.350098,2598.149902
1/26/2022,3:40:00 AM,2565.000000,2597.699951,2500.350098,2570.800049
1/26/2022,3:41:00 AM,2540.000000,2738.000000,2488.449951,2724.000000
1/26/2022,3:42:00 AM,2708.000000,2738.399902,2680.100098,2706.449951
1/26/2022,3:43:00 AM,2729.949951,2762.750000,2700.100098,2722.750000
1/26/2022,3:44:00 AM,2703.199951,2739.699951,2688.000000,2699.250000
1/26/2022,3:45:00 AM,2688.000000,2718.850098,2668.500000,2699.000000
1/26/2022,3:46:00 AM,2630.000000,2730.000000,2620.050049,2725.500000
1/26/2022,3:47:00 AM,2733.899902,2748.500000,2697.899902,2706.649902
1/26/2022,3:48:00 AM,2630.300049,2691.250000,2587.550049,2617.149902
1/26/2022,3:49:00 AM,2635.199951,2675.000000,2612.500000,2628.399902
1/26/2022,3:50:00 AM,2600.000000,2614.949951,2542.750000,2589.800049
1/26/2022,3:51:00 AM,2574.800049,2579.000000,2496.250000,2508.100098
1/26/2022,3:52:00 AM,2539.000000,2539.000000,2401.350098,2409.500000
1/26/2022,3:53:00 AM,2400.000000,2400.899902,2300.000000,2339.250000
1/26/2022,3:54:00 AM,2230.000000,2297.250000,2191.050049,2259.649902
1/26/2022,3:55:00 AM,2251.000000,2264.449951,2159.550049,2256.050049
1/26/2022,3:56:00 AM,2275.000000,2308.350098,2219.000000,2293.050049
1/26/2022,3:57:00 AM,2375.000000,2393.449951,2291.750000,2303.000000
1/26/2022,3:58:00 AM,2290.000000,2315.000000,2255.149902,2290.750000
1/26/2022,3:59:00 AM,2290.000000,2320.750000,2235.800049,2313.550049
1/26/2022,4:00:00 AM,2320.000000,2354.949951,2280.100098,2305.250000
1/26/2022,4:01:00 AM,2338.699951,2373.850098,2322.399902,2357.899902
1/26/2022,4:02:00 AM,2378.899902,2463.000000,2375.300049,2436.949951
1/26/2022,4:03:00 AM,2448.949951,2448.949951,2372.000000,2378.750000
1/26/2022,4:04:00 AM,2378.750000,2404.800049,2329.000000,2380.399902
1/26/2022,4:05:00 AM,2393.000000,2413.699951,2363.000000,2394.100098
1/26/2022,4:06:00 AM,2385.000000,2388.199951,2350.000000,2369.649902
1/26/2022,4:07:00 AM,2385.000000,2389.850098,2325.050049,2336.850098
1/26/2022,4:08:00 AM,2350.000000,2386.649902,2315.199951,2380.000000
1/26/2022,4:09:00 AM,2378.500000,2492.949951,2360.050049,2480.500000
1/26/2022,4:10:00 AM,2488.100098,2518.199951,2444.449951,2486.550049
1/26/2022,4:11:00 AM,2483.850098,2495.000000,2436.350098,2457.149902
1/26/2022,4:12:00 AM,2457.149902,2494.750000,2422.000000,2481.199951
1/26/2022,4:13:00 AM,2495.000000,2518.100098,2455.550049,2508.949951
1/26/2022,4:14:00 AM,2525.000000,2600.000000,2510.000000,2543.449951
1/26/2022,4:15:00 AM,2531.000000,2555.449951,2522.050049,2530.699951
1/26/2022,4:16:00 AM,2523.000000,2577.899902,2512.000000,2538.399902
1/26/2022,4:17:00 AM,2548.000000,2573.850098,2515.600098,2555.199951
1/26/2022,4:18:00 AM,2549.899902,2565.000000,2540.000000,2545.600098
1/26/2022,4:19:00 AM,2534.000000,2537.600098,2496.050049,2521.800049
1/26/2022,4:20:00 AM,2530.000000,2555.000000,2479.550049,2491.449951
1/26/2022,4:21:00 AM,2480.000000,2531.100098,2456.149902,2511.000000
1/26/2022,4:22:00 AM,2516.000000,2574.899902,2421.100098,2454.850098
1/26/2022,4:23:00 AM,2480.000000,2578.500000,2465.399902,2536.800049
1/26/2022,4:24:00 AM,2550.000000,2674.449951,2541.699951,2651.500000
1/26/2022,4:25:00 AM,2630.949951,2637.000000,2582.000000,2631.500000
1/26/2022,4:26:00 AM,2610.000000,2650.000000,2580.000000,2594.149902
1/26/2022,4:27:00 AM,2613.000000,2665.550049,2613.000000,2649.300049
1/26/2022,4:28:00 AM,2625.000000,2672.949951,2605.000000,2655.449951
1/26/2022,4:29:00 AM,2683.949951,2704.000000,2666.000000,2679.949951
1/26/2022,4:30:00 AM,2684.000000,2707.649902,2620.000000,2630.350098
1/26/2022,4:31:00 AM,2624.899902,2626.750000,2521.550049,2552.500000
1/26/2022,4:32:00 AM,2523.000000,2562.000000,2455.600098,2483.199951
1/26/2022,4:33:00 AM,2494.050049,2529.199951,2419.949951,2433.550049
1/26/2022,4:34:00 AM,2410.000000,2418.199951,2351.350098,2362.449951
1/26/2022,4:35:00 AM,2344.949951,2370.449951,2310.000000,2344.300049
1/26/2022,4:36:00 AM,2344.300049,2441.699951,2334.949951,2415.550049
1/26/2022,4:37:00 AM,2396.250000,2433.600098,2353.000000,2389.149902
1/26/2022,4:38:00 AM,2369.000000,2401.000000,2332.149902,2384.649902
1/26/2022,4:39:00 AM,2400.000000,2483.000000,2397.850098,2432.649902
1/26/2022,4:40:00 AM,2519.899902,2628.399902,2494.649902,2617.949951
1/26/2022,4:41:00 AM,2610.000000,2714.699951,2600.149902,2706.699951
1/26/2022,4:42:00 AM,2699.000000,2769.899902,2683.399902,2696.000000
1/26/2022,4:43:00 AM,2622.000000,2738.000000,2622.000000,2650.500000
1/26/2022,4:44:00 AM,2693.949951,2720.000000,2652.149902,2707.800049
1/26/2022,4:45:00 AM,2721.000000,2767.500000,2715.050049,2741.300049
1/26/2022,4:46:00 AM,2745.949951,2769.899902,2702.100098,2719.300049
1/26/2022,4:47:00 AM,2734.000000,2749.850098,2673.000000,2686.149902
1/26/2022,4:48:00 AM,2700.100098,2738.899902,2663.949951,2725.100098
1/26/2022,4:49:00 AM,2736.199951,2765.000000,2729.699951,2742.100098
1/26/2022,4:50:00 AM,2755.300049,2796.000000,2742.850098,2758.449951
1/26/2022,4:51:00 AM,2770.000000,2818.649902,2717.199951,2780.750000
1/26/2022,4:52:00 AM,2770.149902,2818.000000,2752.000000,2771.699951
1/26/2022,4:53:00 AM,2777.399902,2785.350098,2715.050049,2723.550049
1/26/2022,4:54:00 AM,2741.000000,2766.649902,2661.500000,2685.250000
1/26/2022,4:55:00 AM,2683.000000,2696.000000,2638.050049,2653.100098
1/26/2022,4:56:00 AM,2629.399902,2656.800049,2610.600098,2647.899902
1/26/2022,4:57:00 AM,2661.100098,2674.800049,2619.149902,2649.149902
1/26/2022,4:58:00 AM,2640.000000,2724.449951,2621.000000,2716.000000
1/26/2022,4:59:00 AM,2672.250000,2736.949951,2672.250000,2712.850098
1/26/2022,5:00:00 AM,2685.000000,2724.550049,2666.199951,2700.800049
1/26/2022,5:01:00 AM,2689.399902,2752.149902,2676.199951,2722.750000
1/26/2022,5:02:00 AM,2744.000000,2751.100098,2703.949951,2720.100098
1/26/2022,5:03:00 AM,2736.500000,2749.000000,2631.250000,2652.500000
1/26/2022,5:04:00 AM,2629.500000,2666.699951,2585.050049,2604.800049
1/26/2022,5:05:00 AM,2600.000000,2661.899902,2599.949951,2623.250000
1/26/2022,5:06:00 AM,2642.199951,2711.000000,2632.149902,2702.800049
1/26/2022,5:07:00 AM,2699.000000,2713.000000,2642.100098,2662.750000
1/26/2022,5:08:00 AM,2665.100098,2825.000000,2665.100098,2819.050049
1/26/2022,5:09:00 AM,2837.850098,2909.550049,2831.949951,2877.899902
1/26/2022,5:10:00 AM,2909.000000,2909.949951,2836.000000,2848.300049
1/26/2022,5:11:00 AM,2827.699951,2886.100098,2818.750000,2863.800049
1/26/2022,5:12:00 AM,2849.100098,2922.949951,2830.000000,2886.600098
1/26/2022,5:13:00 AM,2879.949951,2910.000000,2784.050049,2794.350098
1/26/2022,5:14:00 AM,2775.000000,2809.800049,2750.399902,2782.800049
1/26/2022,5:15:00 AM,2793.800049,2805.500000,2745.750000,2796.399902
1/26/2022,5:16:00 AM,2815.000000,2843.899902,2790.000000,2805.600098
1/26/2022,5:17:00 AM,2810.000000,2920.000000,2807.000000,2907.949951
1/26/2022,5:18:00 AM,2943.000000,2958.000000,2917.399902,2944.199951
1/26/2022,5:19:00 AM,2952.000000,2982.850098,2895.000000,2931.600098
1/26/2022,5:20:00 AM,2929.000000,3053.050049,2907.899902,3046.850098
1/26/2022,5:21:00 AM,3038.500000,3038.500000,2941.500000,2954.050049
1/26/2022,5:22:00 AM,2955.500000,2994.949951,2942.000000,2967.399902
1/26/2022,5:23:00 AM,2977.899902,3006.850098,2900.850098,2955.100098
1/26/2022,5:24:00 AM,2969.399902,3045.300049,2945.699951,3034.000000
1/26/2022,5:25:00 AM,3055.850098,3078.000000,3012.000000,3036.500000
1/26/2022,5:26:00 AM,3020.000000,3089.000000,3015.000000,3077.699951
1/26/2022,5:27:00 AM,3088.000000,3111.000000,3028.000000,3045.000000
1/26/2022,5:28:00 AM,3053.000000,3092.100098,3031.000000,3081.199951
1/26/2022,5:29:00 AM,3085.149902,3179.000000,3077.600098,3147.600098
1/26/2022,5:30:00 AM,3140.000000,3153.899902,3068.100098,3086.699951
1/26/2022,5:31:00 AM,3090.000000,3098.899902,3007.949951,3023.300049
1/26/2022,5:32:00 AM,3023.300049,3063.050049,3013.500000,3057.399902
1/26/2022,5:33:00 AM,3065.100098,3080.000000,3031.100098,3054.000000
1/26/2022,5:34:00 AM,3083.000000,3145.000000,3066.399902,3093.449951
1/26/2022,5:35:00 AM,3109.899902,3175.550049,3072.399902,3088.399902
1/26/2022,5:36:00 AM,3055.000000,3148.000000,2913.050049,3120.949951
1/26/2022,5:37:00 AM,3129.000000,3170.000000,3070.550049,3138.199951
1/26/2022,5:38:00 AM,3151.000000,3196.500000,3101.000000,3145.800049
1/26/2022,5:39:00 AM,3152.000000,3179.800049,3066.000000,3089.600098
1/26/2022,5:40:00 AM,3090.000000,3145.100098,3072.149902,3116.750000
1/26/2022,5:41:00 AM,3132.000000,3169.350098,3117.350098,3154.550049
1/26/2022,5:42:00 AM,3256.000000,3265.949951,3139.199951,3176.449951
1/26/2022,5:43:00 AM,3178.000000,3221.399902,3131.000000,3210.149902
1/26/2022,5:44:00 AM,3218.000000,3342.000000,3211.000000,3338.050049
1/26/2022,5:45:00 AM,3339.000000,3433.300049,3335.100098,3397.600098
1/26/2022,5:46:00 AM,3400.000000,3438.000000,3374.699951,3411.399902
1/26/2022,5:47:00 AM,3412.050049,3460.000000,3394.300049,3424.100098
1/26/2022,5:48:00 AM,3401.000000,3415.050049,3330.100098,3363.250000
1/26/2022,5:49:00 AM,3361.000000,3480.000000,3338.149902,3464.750000
1/26/2022,5:50:00 AM,3456.050049,3473.500000,3393.050049,3450.699951
1/26/2022,5:51:00 AM,3455.000000,3513.699951,3408.800049,3481.449951
1/26/2022,5:52:00 AM,3440.000000,3453.800049,3341.100098,3355.100098
1/26/2022,5:53:00 AM,3289.000000,3338.800049,3242.649902,3291.600098
1/26/2022,5:54:00 AM,3321.800049,3397.600098,3317.000000,3358.750000
1/26/2022,5:55:00 AM,3241.000000,3434.899902,3241.000000,3411.600098
1/26/2022,5:56:00 AM,3451.000000,3469.000000,3415.000000,3422.100098
1/26/2022,5:57:00 AM,3444.949951,3447.000000,3379.050049,3400.500000
1/26/2022,5:58:00 AM,3412.000000,3424.100098,3400.000000,3410.350098
1/26/2022,5:59:00 AM,3360.699951,3419.000000,3360.699951,3383.649902
1/26/2022,6:00:00 AM,3400.600098,3463.500000,3400.600098,3425.750000
1/26/2022,6:01:00 AM,3460.000000,3483.000000,3427.050049,3473.149902
1/26/2022,6:02:00 AM,3484.000000,3553.000000,3465.100098,3538.949951
1/26/2022,6:03:00 AM,3555.000000,3582.100098,3510.500000,3522.000000
1/26/2022,6:04:00 AM,3452.000000,3563.949951,3452.000000,3541.800049
1/26/2022,6:05:00 AM,3559.550049,3672.000000,3553.350098,3622.250000
1/26/2022,6:06:00 AM,3635.000000,3640.399902,3530.199951,3549.000000
1/26/2022,6:07:00 AM,3549.949951,3633.699951,3493.449951,3590.250000
1/26/2022,6:08:00 AM,3624.649902,3738.250000,3620.000000,3711.550049
1/26/2022,6:09:00 AM,3720.000000,3787.250000,3671.350098,3682.050049
1/26/2022,6:10:00 AM,3680.000000,3759.899902,3670.399902,3748.750000
1/26/2022,6:11:00 AM,3764.000000,3774.449951,3651.399902,3688.449951
1/26/2022,6:12:00 AM,3669.850098,3669.949951,3472.199951,3515.550049
1/26/2022,6:13:00 AM,3543.800049,3615.000000,3487.300049,3570.550049
1/26/2022,6:14:00 AM,3529.000000,3665.699951,3529.000000,3628.300049
1/26/2022,6:15:00 AM,3646.699951,3678.250000,3605.000000,3624.100098
1/26/2022,6:16:00 AM,3623.949951,3693.800049,3583.850098,3671.600098
1/26/2022,6:17:00 AM,3781.000000,3781.899902,3444.949951,3463.350098
1/26/2022,6:18:00 AM,3524.000000,3579.899902,3516.649902,3555.000000
1/26/2022,6:19:00 AM,3560.000000,3596.850098,3520.000000,3531.350098
1/26/2022,6:20:00 AM,3531.350098,3550.000000,3467.550049,3498.550049
1/26/2022,6:21:00 AM,3461.000000,3542.000000,3451.300049,3531.600098
1/26/2022,6:22:00 AM,3549.149902,3550.649902,3392.500000,3408.000000
1/26/2022,6:23:00 AM,3425.050049,3468.649902,3377.000000,3458.199951
1/26/2022,6:24:00 AM,3467.800049,3554.949951,3445.000000,3471.199951
1/26/2022,6:25:00 AM,3544.649902,3554.899902,3469.800049,3477.199951
1/26/2022,6:26:00 AM,3470.000000,3525.000000,3465.300049,3514.699951
1/26/2022,6:27:00 AM,3532.300049,3622.000000,3529.949951,3612.500000
1/26/2022,6:28:00 AM,3629.899902,3685.000000,3600.149902,3612.300049
1/26/2022,6:29:00 AM,3597.000000,3660.000000,3560.000000,3651.149902
1/26/2022,6:30:00 AM,3651.149902,3684.699951,3568.000000,3629.500000
1/26/2022,6:31:00 AM,3684.899902,3684.899902,3630.600098,3641.199951
1/26/2022,6:32:00 AM,3677.000000,3724.000000,3650.000000,3710.649902
1/26/2022,6:33:00 AM,3741.050049,3741.050049,3661.000000,3710.649902
1/26/2022,6:34:00 AM,3721.000000,3773.100098,3697.149902,3745.750000
1/26/2022,6:35:00 AM,3764.500000,3864.100098,3758.000000,3850.449951
1/26/2022,6:36:00 AM,3889.649902,3889.649902,3751.949951,3798.399902
1/26/2022,6:37:00 AM,3849.800049,3849.800049,3695.000000,3729.199951
1/26/2022,6:38:00 AM,3698.000000,3747.000000,3648.350098,3675.250000
1/26/2022,6:39:00 AM,3695.000000,3729.000000,3645.000000,3666.899902
1/26/2022,6:40:00 AM,3680.199951,3765.000000,3680.000000,3755.149902
1/26/2022,6:41:00 AM,3791.949951,3791.949951,3696.300049,3732.949951
1/26/2022,6:42:00 AM,3739.399902,3739.399902,3636.100098,3700.850098
1/26/2022,6:43:00 AM,3730.000000,3739.000000,3501.000000,3519.649902
1/26/2022,6:44:00 AM,3537.250000,3565.000000,3498.000000,3516.600098
1/26/2022,6:45:00 AM,3520.000000,3557.899902,3500.000000,3507.949951
1/26/2022,6:46:00 AM,3515.050049,3583.800049,3458.800049,3503.050049
1/26/2022,6:47:00 AM,3500.000000,3500.000000,3421.050049,3441.850098
1/26/2022,6:48:00 AM,3449.899902,3457.550049,3376.050049,3390.250000
1/26/2022,6:49:00 AM,3390.449951,3411.000000,3365.000000,3378.600098
1/26/2022,6:50:00 AM,3380.449951,3407.949951,3354.000000,3375.050049
1/26/2022,6:51:00 AM,3391.949951,3418.949951,3375.000000,3380.899902
1/26/2022,6:52:00 AM,3397.850098,3402.899902,3346.300049,3377.350098
1/26/2022,6:53:00 AM,3394.250000,3422.250000,3350.000000,3414.100098
1/26/2022,6:54:00 AM,3413.699951,3449.500000,3402.100098,3441.399902
1/26/2022,6:55:00 AM,3450.399902,3464.750000,3405.000000,3416.100098
1/26/2022,6:56:00 AM,3419.800049,3504.500000,3417.050049,3484.500000
1/26/2022,6:57:00 AM,3489.600098,3500.000000,3430.000000,3437.449951
1/26/2022,6:58:00 AM,3435.000000,3435.000000,3325.000000,3331.850098
1/26/2022,6:59:00 AM,3328.100098,3360.000000,3326.100098,3344.399902
1/26/2022,7:00:00 AM,3335.000000,3338.000000,3278.199951,3299.699951
1/26/2022,7:01:00 AM,3299.750000,3324.899902,3254.000000,3259.850098
1/26/2022,7:02:00 AM,3284.899902,3330.000000,3276.000000,3322.300049
1/26/2022,7:03:00 AM,3335.000000,3363.000000,3326.149902,3358.199951
1/26/2022,7:04:00 AM,3341.000000,3352.949951,3287.000000,3320.449951
1/26/2022,7:05:00 AM,3306.000000,3342.149902,3301.050049,3313.000000
1/26/2022,7:06:00 AM,3329.000000,3385.000000,3325.000000,3369.399902
1/26/2022,7:07:00 AM,3368.000000,3382.350098,3296.550049,3303.500000
1/26/2022,7:08:00 AM,3290.000000,3347.300049,3280.000000,3291.449951
1/26/2022,7:09:00 AM,3292.000000,3409.500000,3282.149902,3388.899902
1/26/2022,7:10:00 AM,3370.000000,3378.399902,3291.000000,3313.449951
1/26/2022,7:11:00 AM,3330.000000,3350.000000,3262.000000,3273.250000
1/26/2022,7:12:00 AM,3274.000000,3296.149902,3196.550049,3206.050049
1/26/2022,7:13:00 AM,3190.100098,3200.000000,3105.050049,3113.649902
1/26/2022,7:14:00 AM,3115.000000,3228.649902,3088.199951,3161.250000
1/26/2022,7:15:00 AM,3174.949951,3213.149902,3150.000000,3201.800049
1/26/2022,7:16:00 AM,3188.149902,3233.600098,3175.600098,3211.550049
1/26/2022,7:17:00 AM,3181.050049,3490.750000,3163.250000,3281.199951
1/26/2022,7:18:00 AM,3290.000000,3298.000000,3217.250000,3227.750000
1/26/2022,7:19:00 AM,3227.000000,3249.949951,3203.300049,3228.850098
1/26/2022,7:20:00 AM,3228.850098,3240.000000,3206.000000,3213.449951
1/26/2022,7:21:00 AM,3224.000000,3242.850098,3188.100098,3215.250000
1/26/2022,7:22:00 AM,3229.000000,3266.899902,3202.550049,3257.699951
1/26/2022,7:23:00 AM,3260.000000,3278.850098,3237.050049,3250.600098
1/26/2022,7:24:00 AM,3266.899902,3275.100098,3229.199951,3262.550049
1/26/2022,7:25:00 AM,3262.000000,3265.800049,3144.149902,3167.550049
1/26/2022,7:26:00 AM,3167.550049,3174.500000,3096.699951,3137.250000
1/26/2022,7:27:00 AM,3150.000000,3152.949951,3095.000000,3103.250000