1/25/2022,10:53:00 AM,73.551270,75.552017,73.455994,74.646912
1/25/2022,10:54:00 AM,74.575462,74.575462,72.417511,72.955811
1/25/2022,10:55:00 AM,73.170174,74.118149,72.122162,73.741814
1/25/2022,10:56:00 AM,73.837090,74.299164,71.093208,71.621979
1/25/2022,10:57:00 AM,71.693436,72.598534,70.740692,71.741066
1/25/2022,10:58:00 AM,71.645798,72.065002,71.202774,71.664848
1/25/2022,10:59:00 AM,71.645798,74.989899,71.645798,74.289642
1/25/2022,11:00:00 AM,74.361092,74.370621,72.136452,72.608063
1/25/2022,11:01:00 AM,72.884354,73.656067,72.241257,73.279739
1/25/2022,11:02:00 AM,73.455994,75.437691,73.375015,74.613571
1/25/2022,11:03:00 AM,74.370621,74.685028,73.479813,73.918076
1/25/2022,11:04:00 AM,73.550003,74.790001,70.169998,70.504997
1/25/2022,11:05:00 AM,70.800003,71.275002,68.160004,69.675003
1/25/2022,11:06:00 AM,69.199997,69.300003,66.605003,67.044998
1/25/2022,11:07:00 AM,66.099998,67.449997,65.050003,66.404999
1/25/2022,11:08:00 AM,64.099998,67.900002,63.255001,66.449997
1/25/2022,11:09:00 AM,66.800003,68.220001,65.699997,66.180000
1/25/2022,11:10:00 AM,66.004997,67.699997,65.400002,67.144997
1/25/2022,11:11:00 AM,66.370003,69.000000,66.014999,68.529999
1/25/2022,11:12:00 AM,71.599998,71.690002,69.739998,71.309998
1/25/2022,11:13:00 AM,71.930000,72.050003,70.455002,70.800003
1/25/2022,11:14:00 AM,71.135002,71.915001,69.724998,70.055000
1/25/2022,11:15:00 AM,70.800003,70.949997,68.360001,68.974998
1/25/2022,11:16:00 AM,69.339996,69.339996,63.900002,64.885002
1/25/2022,11:17:00 AM,65.480003,66.150002,64.815002,65.129997
1/25/2022,11:18:00 AM,65.489998,65.555000,63.299999,64.095001
1/25/2022,11:19:00 AM,64.035004,64.779999,63.285000,63.755001
1/25/2022,11:20:00 AM,64.084999,68.639999,63.900002,67.775002
1/25/2022,11:21:00 AM,68.000000,69.264999,67.320000,68.019997
1/25/2022,11:22:00 AM,68.139999,68.690002,66.919998,67.175003
1/25/2022,11:23:00 AM,66.385002,67.500000,66.000000,67.160004
1/25/2022,11:24:00 AM,67.135002,68.500000,67.004997,67.504997
1/25/2022,11:25:00 AM,66.925003,66.930000,65.180000,65.589996
1/25/2022,11:26:00 AM,66.485001,67.400002,65.654999,65.974998
1/25/2022,11:27:00 AM,65.699997,66.139999,64.464996,64.769997
1/25/2022,11:28:00 AM,65.690002,66.095001,63.270000,63.590000
1/25/2022,11:29:00 AM,64.004997,64.675003,60.150002,60.674999
1/25/2022,11:30:00 AM,61.445000,62.639999,60.639999,62.290001
1/25/2022,11:31:00 AM,62.299999,63.320000,61.435001,62.884998
1/25/2022,11:32:00 AM,62.400002,63.090000,61.860001,62.055000
1/25/2022,11:33:00 AM,62.000000,62.259998,60.959999,61.174999
1/25/2022,11:34:00 AM,61.174999,61.389999,59.439999,60.020000
1/25/2022,11:35:00 AM,60.000000,60.189999,57.285000,57.494999
1/25/2022,11:36:00 AM,57.099998,60.090000,56.845001,59.299999
1/25/2022,11:37:00 AM,59.895000,60.169998,58.049999,58.224998
1/25/2022,11:38:00 AM,58.270000,58.744999,57.200001,58.090000
1/25/2022,11:39:00 AM,56.005001,56.880001,55.349998,56.650002
1/25/2022,11:40:00 AM,56.889999,58.834999,56.080002,58.154999
1/25/2022,11:41:00 AM,59.044998,59.900002,58.755001,59.000000
1/25/2022,11:42:00 AM,58.105000,58.299999,56.529999,57.105000
1/25/2022,11:43:00 AM,57.310001,58.029999,56.810001,57.880001
1/25/2022,11:44:00 AM,57.020000,58.544998,56.834999,57.970001
1/25/2022,11:45:00 AM,58.310001,59.049999,55.755001,56.055000
1/25/2022,11:46:00 AM,57.384998,58.360001,56.950001,58.044998
1/25/2022,11:47:00 AM,57.485001,58.990002,57.299999,58.720001
1/25/2022,11:48:00 AM,58.950001,59.575001,58.340000,58.615002
1/25/2022,11:49:00 AM,59.299999,60.459999,59.230000,60.189999
1/25/2022,11:50:00 AM,60.799999,61.090000,60.035000,60.805000
1/25/2022,11:51:00 AM,60.689999,60.875000,59.669998,59.840000
1/25/2022,11:52:00 AM,60.000000,60.470001,59.040001,59.404999
1/25/2022,11:53:00 AM,59.099998,59.680000,58.514999,59.160000
1/25/2022,11:54:00 AM,59.500000,60.459999,59.195000,59.605000
1/25/2022,11:55:00 AM,60.095001,60.490002,59.459999,60.160000
1/25/2022,11:56:00 AM,60.605000,62.450001,60.605000,62.195000
1/25/2022,11:57:00 AM,61.895000,61.895000,60.259998,60.619999
1/25/2022,11:58:00 AM,60.830002,61.099998,60.009998,60.660000
1/25/2022,11:59:00 AM,59.445000,60.180000,58.939999,59.755001
1/25/2022,12:00:00 PM,59.799999,59.849998,58.430000,58.619999
1/25/2022,12:01:00 PM,58.799999,59.154999,57.669998,57.820000
1/25/2022,12:02:00 PM,58.294998,59.474998,58.125000,58.980000
1/25/2022,12:03:00 PM,59.165001,59.990002,58.599998,59.494999
1/25/2022,12:04:00 PM,59.709999,59.740002,57.294998,57.450001
1/25/2022,12:05:00 PM,57.400002,58.740002,56.810001,58.544998
1/25/2022,12:06:00 PM,58.669998,58.980000,57.924999,58.075001
1/25/2022,12:07:00 PM,58.595001,59.794998,58.099998,59.645000
1/25/2022,12:08:00 PM,60.000000,60.419998,59.049999,59.634998
1/25/2022,12:09:00 PM,59.340000,60.884998,59.255001,60.314999
1/25/2022,12:10:00 PM,60.389999,60.680000,59.115002,59.415001
1/25/2022,12:11:00 PM,59.700001,61.055000,59.119999,60.724998
1/25/2022,12:12:00 PM,60.820000,61.494999,60.230000,61.035000
1/25/2022,12:13:00 PM,60.900002,63.680000,60.549999,62.595001
1/25/2022,12:14:00 PM,62.599998,63.250000,61.695000,62.125000
1/25/2022,12:15:00 PM,62.994999,63.080002,60.215000,61.029999
1/25/2022,12:16:00 PM,61.500000,61.669998,59.035000,59.139999
1/25/2022,12:17:00 PM,59.250000,60.075001,57.474998,57.700001
1/25/2022,12:18:00 PM,57.810001,58.349998,56.950001,57.680000
1/25/2022,12:19:00 PM,57.599998,57.599998,53.740002,54.005001
1/25/2022,12:20:00 PM,54.389999,55.389999,53.654999,54.820000
1/25/2022,12:21:00 PM,55.400002,57.080002,55.200001,56.825001
1/25/2022,12:22:00 PM,57.099998,57.945000,56.509998,57.665001
1/25/2022,12:23:00 PM,57.494999,58.799999,56.935001,57.535000
1/25/2022,12:24:00 PM,56.805000,58.150002,56.755001,57.790001
1/25/2022,12:25:00 PM,58.400002,58.730000,57.205002,57.564999
1/25/2022,12:26:00 PM,57.000000,57.959999,55.630001,56.064999
1/25/2022,12:27:00 PM,56.404999,57.250000,56.029999,56.615002
1/25/2022,12:28:00 PM,56.680000,57.490002,56.060001,57.209999
1/25/2022,12:29:00 PM,57.445000,58.169998,56.919998,57.974998
1/25/2022,12:30:00 PM,58.209999,60.389999,58.189999,60.209999
1/25/2022,12:31:00 PM,59.900002,60.820000,59.200001,60.049999
1/25/2022,12:32:00 PM,60.105000,60.549999,58.625000,58.865002
1/25/2022,12:33:00 PM,58.695000,58.875000,57.720001,58.000000
1/25/2022,12:34:00 PM,57.959999,58.380001,56.599998,56.759998
1/25/2022,12:35:00 PM,56.700001,57.480000,56.099998,56.955002
1/25/2022,12:36:00 PM,57.119999,57.480000,56.200001,56.599998
1/25/2022,12:37:00 PM,56.299999,56.345001,54.730000,55.849998
1/25/2022,12:38:00 PM,55.799999,56.560001,54.945000,55.500000
1/25/2022,12:39:00 PM,55.625000,56.590000,55.330002,56.325001
1/25/2022,12:40:00 PM,56.895000,56.895000,55.610001,55.775002
1/25/2022,12:41:00 PM,56.040001,56.459999,55.610001,56.185001
1/25/2022,12:42:00 PM,55.980000,56.480000,55.634998,55.860001
1/25/2022,12:43:00 PM,55.834999,55.990002,53.825001,54.950001
1/25/2022,12:44:00 PM,55.169998,55.250000,53.910000,54.320000
1/25/2022,12:45:00 PM,54.500000,55.650002,54.400002,54.845001
1/25/2022,12:46:00 PM,55.195000,56.980000,55.105000,56.775002
1/25/2022,12:47:00 PM,57.595001,58.650002,55.625000,56.049999
1/25/2022,12:48:00 PM,56.195000,57.240002,55.345001,56.599998
1/25/2022,12:49:00 PM,56.740002,57.340000,55.955002,57.110001
1/25/2022,12:50:00 PM,56.500000,56.500000,55.200001,55.330002
1/25/2022,12:51:00 PM,55.000000,56.424999,54.634998,55.349998
1/25/2022,12:52:00 PM,56.369999,56.575001,55.474998,55.560001
1/25/2022,12:53:00 PM,55.900002,57.099998,55.689999,56.865002
1/25/2022,12:54:00 PM,56.570000,56.570000,55.415001,55.570000
1/25/2022,12:55:00 PM,56.000000,56.790001,55.314999,55.520000
1/25/2022,12:56:00 PM,55.935001,56.200001,55.299999,55.860001
1/25/2022,12:57:00 PM,55.970001,55.990002,51.705002,51.924999
1/25/2022,12:58:00 PM,52.200001,53.570000,51.299999,53.235001
1/25/2022,12:59:00 PM,53.599998,53.695000,50.099998,50.424999
1/25/2022,1:00:00 PM,50.799999,51.340000,49.299999,49.865002
1/25/2022,1:01:00 PM,49.900002,50.575001,49.500000,50.320000
1/25/2022,1:02:00 PM,50.599998,51.950001,49.830002,51.689999
1/25/2022,1:03:00 PM,51.599998,52.959999,51.599998,52.740002
1/25/2022,1:04:00 PM,53.099998,53.799999,52.900002,53.599998
1/25/2022,1:05:00 PM,53.695000,53.994999,53.134998,53.485001
1/25/2022,1:06:00 PM,53.799999,55.355000,53.630001,55.020000
1/25/2022,1:07:00 PM,54.945000,55.849998,54.735001,55.299999
1/25/2022,1:08:00 PM,55.195000,56.490002,54.355000,56.305000
1/25/2022,1:09:00 PM,56.285000,56.759998,55.130001,55.580002
1/25/2022,1:10:00 PM,55.270000,56.090000,54.060001,55.430000
1/25/2022,1:11:00 PM,55.639999,56.000000,55.064999,55.445000
1/25/2022,1:12:00 PM,55.900002,56.490002,55.125000,55.325001
1/25/2022,1:13:00 PM,55.735001,57.669998,55.365002,57.314999
1/25/2022,1:14:00 PM,57.825001,58.375000,57.355000,57.750000
1/25/2022,1:15:00 PM,58.000000,58.770000,57.580002,58.595001
1/25/2022,1:16:00 PM,58.595001,58.599998,57.270000,57.669998
1/25/2022,1:17:00 PM,57.494999,58.215000,56.599998,56.880001
1/25/2022,1:18:00 PM,58.700001,58.700001,56.255001,57.895000
1/25/2022,1:19:00 PM,57.000000,57.669998,56.325001,56.755001
1/25/2022,1:20:00 PM,57.195000,58.520000,57.180000,58.014999
1/25/2022,1:21:00 PM,58.299999,60.180000,58.290001,59.939999
1/25/2022,1:22:00 PM,60.224998,60.244999,58.055000,58.215000
1/25/2022,1:23:00 PM,58.490002,58.490002,57.014999,57.165001
1/25/2022,1:24:00 PM,57.035000,57.935001,56.825001,57.560001
1/25/2022,1:25:00 PM,58.189999,58.700001,57.900002,58.119999
1/25/2022,1:26:00 PM,58.250000,59.389999,57.810001,59.035000
1/25/2022,1:27:00 PM,59.029999,60.185001,58.555000,59.419998
1/25/2022,1:28:00 PM,59.230000,61.000000,59.105000,60.834999
1/25/2022,1:29:00 PM,60.820000,61.450001,59.910000,60.049999
1/25/2022,1:30:00 PM,60.299999,60.994999,59.799999,60.075001
1/25/2022,1:31:00 PM,60.090000,60.450001,59.060001,59.305000
1/25/2022,1:32:00 PM,59.000000,59.700001,58.119999,59.439999
1/25/2022,1:33:00 PM,59.799999,60.779999,59.450001,60.029999
1/25/2022,1:34:00 PM,60.230000,62.200001,59.705002,61.915001
1/25/2022,1:35:00 PM,61.994999,62.500000,61.125000,61.365002
1/25/2022,1:36:00 PM,61.535000,61.700001,58.834999,59.209999
1/25/2022,1:37:00 PM,59.250000,60.720001,58.310001,60.555000
1/25/2022,1:38:00 PM,61.160000,62.049999,61.000000,61.500000
1/25/2022,1:39:00 PM,61.000000,62.439999,60.555000,61.639999
1/25/2022,1:40:00 PM,61.799999,62.455002,60.930000,61.275002
1/25/2022,1:41:00 PM,61.799999,63.080002,61.740002,62.119999
1/25/2022,1:42:00 PM,63.000000,64.760002,58.430000,62.514999
1/25/2022,1:43:00 PM,61.889999,62.625000,59.564999,60.770000
1/25/2022,1:44:00 PM,60.900002,60.900002,57.500000,60.099998
1/25/2022,1:45:00 PM,60.500000,61.415001,59.799999,60.889999
1/25/2022,1:46:00 PM,61.119999,62.075001,60.740002,61.154999
1/25/2022,1:47:00 PM,61.200001,61.200001,57.500000,58.125000
1/25/2022,1:48:00 PM,58.000000,58.580002,55.750000,58.320000
1/25/2022,1:49:00 PM,58.400002,59.439999,57.619999,57.959999
1/25/2022,1:50:00 PM,57.674999,58.775002,57.000000,58.230000
1/25/2022,1:51:00 PM,58.000000,58.599998,56.230000,56.799999
1/25/2022,1:52:00 PM,56.700001,56.994999,54.400002,55.980000
1/25/2022,1:53:00 PM,56.000000,58.389999,55.455002,57.250000
1/25/2022,1:54:00 PM,57.314999,58.779999,57.314999,58.365002
1/25/2022,1:55:00 PM,55.700001,56.400002,54.904999,55.514999
1/25/2022,1:56:00 PM,56.080002,57.880001,55.810001,57.650002
1/25/2022,1:57:00 PM,57.825001,57.945000,56.650002,57.000000
1/25/2022,1:58:00 PM,57.110001,58.400002,56.959999,57.279999
1/25/2022,1:59:00 PM,57.805000,57.950001,55.209999,55.465000
1/25/2022,2:00:00 PM,55.299999,56.259998,54.500000,55.494999
1/25/2022,2:01:00 PM,55.900002,56.119999,54.154999,54.474998
1/25/2022,2:02:00 PM,54.000000,55.000000,53.514999,54.560001
1/25/2022,2:03:00 PM,55.200001,55.459999,54.139999,55.005001
1/25/2022,2:04:00 PM,54.470001,55.060001,54.000000,54.575001
1/25/2022,2:05:00 PM,54.759998,56.160000,54.110001,55.154999
1/25/2022,2:06:00 PM,55.650002,57.549999,55.230000,57.369999
1/25/2022,2:07:00 PM,57.125000,57.200001,56.310001,56.450001
1/25/2022,2:08:00 PM,55.494999,55.779999,52.935001,55.384998
1/25/2022,2:09:00 PM,55.580002,56.389999,55.400002,55.660000
1/25/2022,2:10:00 PM,56.099998,58.240002,56.064999,57.404999
1/25/2022,2:11:00 PM,57.400002,58.360001,56.750000,57.744999
1/25/2022,2:12:00 PM,57.959999,58.439999,57.000000,57.575001
1/25/2022,2:13:00 PM,58.099998,58.224998,57.900002,58.025002
1/25/2022,2:14:00 PM,57.935001,57.935001,56.845001,57.220001
1/25/2022,2:15:00 PM,57.355000,58.970001,57.215000,58.285000
1/25/2022,2:16:00 PM,58.299999,59.150002,57.910000,58.919998
1/25/2022,2:17:00 PM,60.500000,61.060001,58.430000,58.910000
1/25/2022,2:18:00 PM,59.029999,59.689999,58.145000,58.935001
1/25/2022,2:19:00 PM,59.000000,59.099998,56.955002,57.410000
1/25/2022,2:20:00 PM,57.744999,58.380001,57.400002,58.240002
1/25/2022,2:21:00 PM,57.700001,57.799999,56.200001,56.330002
1/25/2022,2:22:00 PM,56.200001,56.200001,55.000000,55.139999
1/25/2022,2:23:00 PM,55.200001,55.360001,53.814999,53.965000
1/25/2022,2:24:00 PM,54.400002,54.400002,52.165001,53.070000
1/25/2022,2:25:00 PM,52.970001,52.990002,51.250000,52.230000
1/25/2022,2:26:00 PM,52.230000,52.889999,51.865002,52.395000
1/25/2022,2:27:00 PM,53.200001,53.884998,52.915001,53.355000
1/25/2022,2:28:00 PM,53.500000,53.680000,52.549999,52.950001
1/25/2022,2:29:00 PM,54.119999,55.270000,53.575001,53.810001
1/25/2022,2:30:00 PM,53.270000,54.049999,53.215000,53.820000
1/25/2022,2:31:00 PM,53.299999,53.299999,51.500000,51.770000
1/25/2022,2:32:00 PM,51.325001,52.169998,50.099998,51.020000
1/25/2022,2:33:00 PM,51.070000,51.490002,50.320000,50.930000
1/25/2022,2:34:00 PM,49.939999,50.950001,49.700001,50.285000
1/25/2022,2:35:00 PM,49.560001,50.369999,48.615002,50.075001
1/25/2022,2:36:00 PM,50.599998,52.250000,50.549999,52.025002
1/25/2022,2:37:00 PM,52.805000,52.805000,50.799999,51.224998
1/25/2022,2:38:00 PM,51.099998,51.779999,50.650002,51.355000
1/25/2022,2:39:00 PM,51.799999,52.525002,51.639999,52.400002
1/25/2022,2:40:00 PM,52.299999,52.840000,51.959999,52.700001
1/25/2022,2:41:00 PM,52.790001,53.244999,52.459999,52.740002
1/25/2022,2:42:00 PM,52.000000,52.700001,52.000000,52.334999
1/25/2022,2:43:00 PM,52.415001,53.200001,51.830002,52.020000
1/25/2022,2:44:00 PM,51.799999,52.070000,51.200001,51.369999
1/25/2022,2:45:00 PM,50.900002,51.730000,50.439999,51.345001
1/25/2022,2:46:00 PM,51.799999,51.980000,50.494999,50.650002
1/25/2022,2:47:00 PM,50.820000,51.645000,50.805000,51.285000
1/25/2022,2:48:00 PM,52.000000,52.500000,51.619999,52.105000
1/25/2022,2:49:00 PM,52.400002,52.450001,51.355000,51.575001
1/25/2022,2:50:00 PM,50.599998,50.680000,49.200001,49.365002
1/25/2022,2:51:00 PM,49.299999,49.314999,48.025002,48.125000
1/25/2022,2:52:00 PM,48.099998,49.285000,47.955002,48.764999
1/25/2022,2:53:00 PM,49.540001,50.099998,48.389999,48.549999
1/25/2022,2:54:00 PM,48.564999,49.334999,48.380001,49.134998
1/25/2022,2:55:00 PM,48.895000,49.730000,47.525002,47.919998
1/25/2022,2:56:00 PM,48.000000,48.415001,47.750000,48.040001
1/25/2022,2:57:00 PM,48.395000,48.424999,47.200001,47.419998
1/25/2022,2:58:00 PM,47.419998,47.439999,46.680000,47.084999
1/25/2022,2:59:00 PM,47.299999,47.650002,46.900002,47.505001
1/25/2022,3:00:00 PM,47.610001,47.990002,47.270000,47.455002
1/25/2022,3:01:00 PM,47.630001,47.825001,47.049999,47.314999
1/25/2022,3:02:00 PM,47.355000,47.770000,46.799999,47.064999
1/25/2022,3:03:00 PM,47.299999,47.750000,47.009998,47.169998
1/25/2022,3:04:00 PM,47.070000,47.070000,45.500000,45.654999
1/25/2022,3:05:00 PM,45.700001,46.785000,45.700001,46.459999
1/25/2022,3:06:00 PM,46.450001,46.450001,45.720001,46.075001
1/25/2022,3:07:00 PM,46.220001,46.580002,45.119999,45.290001
1/25/2022,3:08:00 PM,45.290001,45.395000,44.330002,44.570000
1/25/2022,3:09:00 PM,44.400002,45.215000,44.134998,44.380001
1/25/2022,3:10:00 PM,44.669998,47.139999,44.669998,46.744999
1/25/2022,3:11:00 PM,47.205002,47.889999,46.764999,47.669998
1/25/2022,3:12:00 PM,47.700001,48.200001,47.000000,47.470001
1/25/2022,3:13:00 PM,47.490002,47.860001,45.200001,47.605000
1/25/2022,3:14:00 PM,47.700001,47.700001,45.945000,46.470001
1/25/2022,3:15:00 PM,46.599998,48.669998,46.380001,48.509998
1/25/2022,3:16:00 PM,48.345001,49.139999,47.810001,48.904999
1/25/2022,3:17:00 PM,48.299999,48.775002,46.595001,46.875000
1/25/2022,3:18:00 PM,47.500000,48.700001,46.029999,48.070000
1/25/2022,3:19:00 PM,47.840000,49.720001,47.669998,48.740002
1/25/2022,3:20:00 PM,48.200001,48.634998,47.540001,48.255001
1/25/2022,3:21:00 PM,48.299999,48.340000,46.264999,46.750000
1/25/2022,3:22:00 PM,46.889999,47.700001,46.439999,46.555000
1/25/2022,3:23:00 PM,46.540001,48.060001,46.540001,47.095001
1/25/2022,3:24:00 PM,47.250000,49.384998,47.250000,49.115002
1/25/2022,3:25:00 PM,49.255001,50.290001,49.035000,49.884998
1/25/2022,3:26:00 PM,49.700001,50.400002,49.209999,50.230000
1/25/2022,3:27:00 PM,50.400002,50.950001,49.825001,50.509998
1/25/2022,3:28:00 PM,49.799999,50.860001,49.169998,50.360001
1/25/2022,3:29:00 PM,50.700001,51.230000,49.794998,50.709999
1/25/2022,3:30:00 PM,50.660000,51.099998,49.830002,50.044998
1/25/2022,3:31:00 PM,50.349998,50.970001,50.200001,50.759998
1/25/2022,3:32:00 PM,50.840000,52.290001,50.520000,52.174999
1/25/2022,3:33:00 PM,52.290001,52.535000,51.544998,52.084999
1/25/2022,3:34:00 PM,51.985001,52.320000,51.355000,52.115002
1/25/2022,3:35:00 PM,51.680000,51.860001,50.630001,50.785000
1/25/2022,3:36:00 PM,51.000000,52.240002,50.950001,52.064999
1/25/2022,3:37:00 PM,52.439999,53.049999,52.099998,52.514999
1/25/2022,3:38:00 PM,52.500000,52.500000,51.259998,51.375000
1/25/2022,3:39:00 PM,51.395000,52.180000,51.349998,51.764999
1/25/2022,3:40:00 PM,51.799999,52.095001,51.244999,51.544998
1/25/2022,3:41:00 PM,51.950001,52.674999,51.525002,52.520000
1/25/2022,3:42:00 PM,52.779999,53.189999,52.064999,52.750000
1/25/2022,3:43:00 PM,52.605000,52.625000,51.105000,51.360001
1/25/2022,3:44:00 PM,51.700001,52.400002,51.560001,51.840000
1/25/2022,3:45:00 PM,51.279999,51.770000,50.705002,51.514999
1/25/2022,3:46:00 PM,51.599998,52.095001,51.415001,51.935001
1/25/2022,3:47:00 PM,52.000000,52.299999,51.305000,51.580002
1/25/2022,3:48:00 PM,51.439999,51.645000,50.480000,50.630001
1/25/2022,3:49:00 PM,53.000000,54.400002,52.810001,53.514999
1/25/2022,3:50:00 PM,53.799999,53.799999,52.605000,53.064999
1/25/2022,3:51:00 PM,53.689999,54.759998,53.345001,53.544998
1/25/2022,3:52:00 PM,53.275002,53.740002,52.650002,53.064999
1/25/2022,3:53:00 PM,53.119999,55.099998,53.119999,54.930000
1/25/2022,3:54:00 PM,55.320000,55.700001,54.580002,54.904999
1/25/2022,3:55:00 PM,55.099998,55.500000,54.025002,55.305000
1/25/2022,3:56:00 PM,55.165001,55.939999,54.169998,54.439999
1/25/2022,3:57:00 PM,54.099998,54.639999,53.349998,53.570000
1/25/2022,3:58:00 PM,53.700001,54.270000,53.220001,53.365002
1/25/2022,3:59:00 PM,53.689999,55.500000,53.605000,55.314999
1/25/2022,4:00:00 PM,55.355000,55.689999,54.915001,55.325001
1/25/2022,4:01:00 PM,55.349998,55.450001,53.669998,54.310001
1/25/2022,4:02:00 PM,54.000000,54.575001,53.310001,53.419998
1/25/2022,4:03:00 PM,53.494999,53.849998,52.150002,52.334999
1/25/2022,4:04:00 PM,52.689999,52.785000,51.270000,52.525002
1/25/2022,4:05:00 PM,52.200001,52.930000,50.900002,51.075001
1/25/2022,4:06:00 PM,52.084999,54.775002,51.555000,54.525002
1/25/2022,4:07:00 PM,54.305000,56.080002,53.570000,55.720001
1/25/2022,4:08:00 PM,55.410000,56.165001,54.945000,55.494999
1/25/2022,4:09:00 PM,55.400002,55.599998,54.660000,54.779999
1/25/2022,4:10:00 PM,53.424999,54.349998,52.744999,53.595001
1/25/2022,4:11:00 PM,54.494999,54.494999,52.900002,53.060001
1/25/2022,4:12:00 PM,53.125000,53.240002,52.160000,52.264999
1/25/2022,4:13:00 PM,52.255001,52.639999,51.634998,51.915001
1/25/2022,4:14:00 PM,52.200001,52.575001,47.904999,48.680000
1/25/2022,4:15:00 PM,48.009998,48.799999,46.340000,47.230000
1/25/2022,4:16:00 PM,46.695000,47.759998,45.630001,46.955002
1/25/2022,4:17:00 PM,47.305000,48.095001,46.064999,46.294998
1/25/2022,4:18:00 PM,46.395000,47.130001,45.514999,46.924999
1/25/2022,4:19:00 PM,46.505001,47.150002,46.099998,46.945000
1/25/2022,4:20:00 PM,47.799999,49.474998,47.665001,48.380001
1/25/2022,4:21:00 PM,48.485001,48.490002,46.875000,47.255001
1/25/2022,4:22:00 PM,47.200001,48.055000,46.740002,47.299999
1/25/2022,4:23:00 PM,47.759998,48.650002,46.205002,46.470001
1/25/2022,4:24:00 PM,46.500000,48.630001,45.840000,48.415001
1/25/2022,4:25:00 PM,48.450001,51.430000,48.355000,51.255001
1/25/2022,4:26:00 PM,51.410000,51.860001,50.520000,50.705002
1/25/2022,4:27:00 PM,50.570000,51.174999,49.185001,49.330002
1/25/2022,4:28:00 PM,49.299999,49.645000,48.599998,48.794998
1/25/2022,4:29:00 PM,49.080002,49.474998,48.105000,48.830002
1/25/2022,4:30:00 PM,48.895000,50.185001,48.509998,49.764999
1/25/2022,4:31:00 PM,49.599998,50.275002,49.189999,49.764999
1/25/2022,4:32:00 PM,49.764999,50.255001,48.299999,48.459999
1/25/2022,4:33:00 PM,48.299999,48.990002,47.580002,48.209999
1/25/2022,4:34:00 PM,48.900002,49.480000,48.310001,48.605000
1/25/2022,4:35:00 PM,48.990002,49.415001,48.700001,49.250000
1/25/2022,4:36:00 PM,49.275002,50.799999,49.005001,50.584999
1/25/2022,4:37:00 PM,50.400002,50.584999,49.654999,50.255001
1/25/2022,4:38:00 PM,49.904999,50.849998,49.705002,50.180000
1/25/2022,4:39:00 PM,50.009998,50.084999,47.205002,47.310001
1/25/2022,4:40:00 PM,47.325001,47.849998,46.365002,47.230000
1/25/2022,4:41:00 PM,48.209999,49.840000,48.209999,49.410000
1/25/2022,4:42:00 PM,49.410000,50.279999,48.985001,50.099998
1/25/2022,4:43:00 PM,50.000000,50.090000,49.445000,49.764999
1/25/2022,4:44:00 PM,49.720001,49.980000,48.185001,48.625000
1/25/2022,4:45:00 PM,47.400002,49.980000,47.395000,49.799999
1/25/2022,4:46:00 PM,49.500000,51.230000,49.029999,51.060001
1/25/2022,4:47:00 PM,51.150002,51.645000,50.665001,51.070000
1/25/2022,4:48:00 PM,51.150002,51.564999,49.910000,50.439999
1/25/2022,4:49:00 PM,50.985001,51.485001,50.314999,50.695000
1/25/2022,4:50:00 PM,50.855000,51.090000,50.209999,50.880001
1/25/2022,4:51:00 PM,50.790001,51.480000,50.459999,51.029999
1/25/2022,4:52:00 PM,50.000000,50.264999,49.375000,49.529999
1/25/2022,4:53:00 PM,49.650002,49.849998,47.529999,47.834999
1/25/2022,4:54:00 PM,47.500000,47.950001,46.520000,46.805000
1/25/2022,4:55:00 PM,46.900002,47.200001,46.255001,46.845001
1/25/2022,4:56:00 PM,46.950001,47.435001,44.805000,45.480000
1/25/2022,4:57:00 PM,46.130001,46.650002,45.369999,46.200001
1/25/2022,4:58:00 PM,46.430000,47.945000,46.025002,47.290001
1/25/2022,4:59:00 PM,47.799999,47.825001,46.334999,46.830002
1/25/2022,5:00:00 PM,46.509998,47.860001,46.410000,47.669998
1/25/2022,5:01:00 PM,47.599998,47.980000,46.849998,47.570000
1/25/2022,5:02:00 PM,47.299999,47.535000,46.384998,46.660000
1/25/2022,5:03:00 PM,47.000000,47.299999,45.325001,45.805000
1/25/2022,5:04:00 PM,45.805000,46.730000,45.119999,46.555000
1/25/2022,5:05:00 PM,46.619999,46.790001,45.674999,45.985001
1/25/2022,5:06:00 PM,46.095001,46.299999,44.310001,44.599998
1/25/2022,5:07:00 PM,44.799999,45.195000,43.830002,44.035000
1/25/2022,5:08:00 PM,43.900002,44.820000,43.564999,44.549999
1/25/2022,5:09:00 PM,44.555000,44.590000,43.099998,43.345001
1/25/2022,5:10:00 PM,43.490002,44.189999,40.619999,41.505001
1/25/2022,5:11:00 PM,41.299999,43.360001,40.950001,43.205002
1/25/2022,5:12:00 PM,42.750000,43.189999,41.480000,42.000000
1/25/2022,5:13:00 PM,41.389999,41.715000,40.459999,40.910000
1/25/2022,5:14:00 PM,40.395000,40.395000,38.970001,39.924999
1/25/2022,5:15:00 PM,39.365002,40.799999,39.365002,40.160000
1/25/2022,5:16:00 PM,39.500000,39.650002,37.584999,38.189999
1/25/2022,5:17:00 PM,37.900002,37.950001,36.060001,36.740002
1/25/2022,5:18:00 PM,37.049999,37.365002,36.084999,36.235001
1/25/2022,5:19:00 PM,36.169998,36.759998,34.535000,34.869999
1/25/2022,5:20:00 PM,35.360001,37.075001,35.340000,36.465000
1/25/2022,5:21:00 PM,36.000000,36.689999,35.544998,36.305000
1/25/2022,5:22:00 PM,36.590000,36.695000,35.715000,35.955002
1/25/2022,5:23:00 PM,35.970001,36.185001,35.314999,35.825001
1/25/2022,5:24:00 PM,35.700001,35.820000,34.185001,34.299999
1/25/2022,5:25:00 PM,33.990002,34.695000,33.040001,33.369999
1/25/2022,5:26:00 PM,33.299999,34.895000,33.035000,34.525002
1/25/2022,5:27:00 PM,34.639999,34.759998,32.220001,33.805000
1/25/2022,5:28:00 PM,34.095001,35.470001,34.014999,35.090000
1/25/2022,5:29:00 PM,35.090000,35.090000,33.340000,33.695000
1/25/2022,5:30:00 PM,33.400002,34.264999,32.860001,33.555000
1/25/2022,5:31:00 PM,34.200001,34.750000,33.720001,34.490002
1/25/2022,5:32:00 PM,34.099998,34.115002,32.900002,33.139999
1/25/2022,5:33:00 PM,33.139999,34.095001,32.730000,33.924999
1/25/2022,5:34:00 PM,34.599998,35.200001,34.224998,34.514999
1/25/2022,5:35:00 PM,34.700001,35.785000,34.285000,35.540001
1/25/2022,5:36:00 PM,35.540001,36.060001,34.814999,35.380001
1/25/2022,5:37:00 PM,35.529999,36.869999,35.520000,36.705002
1/25/2022,5:38:00 PM,36.880001,37.950001,36.299999,36.505001
1/25/2022,5:39:00 PM,36.700001,36.915001,35.775002,36.735001
1/25/2022,5:40:00 PM,36.200001,36.639999,35.860001,36.110001
1/25/2022,5:41:00 PM,36.119999,36.599998,34.205002,34.494999
1/25/2022,5:42:00 PM,34.799999,36.130001,34.535000,35.825001
1/25/2022,5:43:00 PM,35.599998,35.599998,34.005001,34.465000
1/25/2022,5:44:00 PM,34.790001,38.099998,34.410000,36.855000
1/25/2022,5:45:00 PM,37.759998,38.884998,36.900002,37.735001
1/25/2022,5:46:00 PM,37.799999,37.930000,36.820000,37.080002
1/25/2022,5:47:00 PM,36.750000,36.794998,35.755001,36.205002
1/25/2022,5:48:00 PM,36.500000,37.935001,36.334999,37.575001
1/25/2022,5:49:00 PM,37.299999,37.349998,35.799999,35.965000
1/25/2022,5:50:00 PM,35.500000,36.369999,34.560001,36.049999
1/25/2022,5:51:00 PM,36.200001,36.470001,34.410000,35.154999
1/25/2022,5:52:00 PM,34.650002,34.889999,33.845001,33.959999
1/25/2022,5:53:00 PM,34.474998,34.480000,33.110001,33.310001
1/25/2022,5:54:00 PM,33.485001,33.825001,32.349998,32.480000
1/25/2022,5:55:00 PM,32.334999,33.799999,32.035000,33.645000
1/25/2022,5:56:00 PM,33.290001,33.455002,32.799999,32.994999
1/25/2022,5:57:00 PM,33.500000,34.244999,33.200001,33.900002
1/25/2022,5:58:00 PM,34.575001,35.275002,34.294998,34.485001
1/25/2022,5:59:00 PM,34.505001,35.834999,33.869999,34.919998
1/25/2022,6:00:00 PM,35.380001,35.380001,34.525002,34.740002
1/25/2022,6:01:00 PM,34.599998,36.134998,34.035000,35.610001
1/25/2022,6:02:00 PM,35.595001,36.279999,35.174999,35.959999
1/25/2022,6:03:00 PM,35.750000,36.380001,35.299999,35.450001
1/25/2022,6:04:00 PM,35.200001,35.875000,34.924999,35.619999
1/25/2022,6:05:00 PM,35.605000,36.200001,35.380001,35.990002
1/25/2022,6:06:00 PM,35.630001,36.895000,35.605000,36.224998
1/25/2022,6:07:00 PM,36.380001,36.555000,36.310001,36.500000
1/25/2022,6:08:00 PM,36.555000,39.970001,36.555000,39.020000
1/25/2022,6:09:00 PM,38.990002,39.369999,38.430000,38.799999
1/25/2022,6:10:00 PM,38.889999,39.009998,37.619999,38.055000
1/25/2022,6:11:00 PM,38.005001,40.290001,37.799999,39.950001
1/25/2022,6:12:00 PM,40.299999,42.169998,40.299999,40.915001
1/25/2022,6:13:00 PM,41.400002,41.790001,40.160000,40.395000
1/25/2022,6:14:00 PM,40.200001,40.889999,39.869999,40.445000
1/25/2022,6:15:00 PM,40.400002,40.884998,38.880001,40.310001
1/25/2022,6:16:00 PM,40.150002,40.619999,39.509998,39.794998
1/25/2022,6:17:00 PM,39.549999,40.375000,39.400002,40.145000
1/25/2022,6:18:00 PM,40.090000,40.884998,39.270000,39.790001
1/25/2022,6:19:00 PM,39.610001,39.869999,38.939999,39.195000
1/25/2022,6:20:00 PM,39.200001,40.299999,39.060001,39.450001
1/25/2022,6:21:00 PM,39.639999,41.259998,39.599998,41.005001
1/25/2022,6:22:00 PM,41.400002,41.485001,40.000000,40.174999
1/25/2022,6:23:00 PM,40.099998,40.849998,39.730000,39.869999
1/25/2022,6:24:00 PM,39.900002,39.915001,38.325001,38.509998
1/25/2022,6:25:00 PM,38.599998,40.279999,38.310001,40.000000
1/25/2022,6:26:00 PM,40.525002,42.099998,40.299999,41.950001
1/25/2022,6:27:00 PM,42.500000,42.930000,41.674999,42.415001
1/25/2022,6:28:00 PM,42.529999,42.700001,41.919998,42.134998
1/25/2022,6:29:00 PM,42.220001,43.430000,42.215000,43.209999
1/25/2022,6:30:00 PM,42.744999,42.950001,42.110001,42.750000
1/25/2022,6:31:00 PM,42.494999,42.695000,41.900002,42.084999
1/25/2022,6:32:00 PM,41.799999,41.855000,39.639999,39.965000
1/25/2022,6:33:00 PM,39.279999,41.145000,38.900002,40.930000
1/25/2022,6:34:00 PM,41.105000,41.185001,39.709999,39.980000
1/25/2022,6:35:00 PM,40.145000,40.750000,39.384998,40.325001
1/25/2022,6:36:00 PM,40.299999,41.180000,40.195000,40.669998
1/25/2022,6:37:00 PM,40.500000,40.959999,40.020000,40.205002
1/25/2022,6:38:00 PM,40.240002,40.820000,40.035000,40.555000
1/25/2022,6:39:00 PM,40.830002,42.090000,40.680000,41.869999
1/25/2022,6:40:00 PM,43.025002,43.459999,42.345001,42.840000
1/25/2022,6:41:00 PM,43.200001,43.200001,42.014999,42.099998
1/25/2022,6:42:00 PM,42.360001,44.189999,42.305000,43.939999
1/25/2022,6:43:00 PM,43.939999,45.480000,43.605000,44.474998
1/25/2022,6:44:00 PM,44.000000,44.939999,43.799999,44.674999
1/25/2022,6:45:00 PM,44.599998,46.340000,44.310001,46.099998
1/25/2022,6:46:00 PM,46.099998,46.750000,45.705002,46.215000
1/25/2022,6:47:00 PM,46.220001,46.470001,45.939999,46.299999
1/25/2022,6:48:00 PM,46.299999,47.200001,46.299999,46.790001
1/25/2022,6:49:00 PM,46.924999,47.180000,46.320000,46.950001
1/25/2022,6:50:00 PM,47.009998,47.630001,46.509998,47.474998
1/25/2022,6:51:00 PM,47.264999,47.529999,46.950001,47.205002
1/25/2022,6:52:00 PM,47.299999,47.650002,46.480000,46.775002
1/25/2022,6:53:00 PM,47.200001,48.779999,47.200001,48.485001
1/25/2022,6:54:00 PM,48.299999,48.619999,47.945000,48.369999
1/25/2022,6:55:00 PM,48.000000,48.000000,47.055000,47.325001
1/25/2022,6:56:00 PM,47.549999,48.459999,47.355000,47.610001
1/25/2022,6:57:00 PM,47.165001,47.814999,46.700001,47.525002
1/25/2022,6:58:00 PM,48.500000,48.599998,47.910000,48.314999
1/25/2022,6:59:00 PM,48.549999,49.384998,48.000000,48.619999
1/25/2022,7:00:00 PM,49.110001,49.700001,48.775002,49.575001
1/25/2022,7:01:00 PM,49.645000,50.599998,49.575001,49.860001
1/25/2022,7:02:00 PM,49.189999,50.355000,48.915001,50.209999
1/25/2022,7:03:00 PM,50.200001,50.404999,49.209999,49.439999
1/25/2022,7:04:00 PM,49.330002,49.889999,49.189999,49.525002
1/25/2022,7:05:00 PM,49.700001,49.980000,48.915001,49.064999
1/25/2022,7:06:00 PM,48.779999,48.779999,47.349998,47.615002
1/25/2022,7:07:00 PM,47.865002,47.985001,47.320000,47.505001
1/25/2022,7:08:00 PM,47.590000,48.185001,47.314999,48.025002
1/25/2022,7:09:00 PM,48.029999,48.509998,47.645000,48.340000
1/25/2022,7:10:00 PM,47.775002,47.775002,46.009998,46.244999
1/25/2022,7:11:00 PM,46.000000,46.200001,44.200001,44.625000
1/25/2022,7:12:00 PM,45.279999,45.970001,44.959999,45.220001
1/25/2022,7:13:00 PM,45.189999,45.445000,44.139999,44.855000
1/25/2022,7:14:00 PM,45.299999,45.424999,43.645000,43.869999
1/25/2022,7:15:00 PM,41.799999,43.900002,41.660000,43.605000
1/25/2022,7:16:00 PM,44.200001,45.340000,43.345001,45.189999
1/25/2022,7:17:00 PM,45.224998,47.970001,44.799999,47.505001
1/25/2022,7:18:00 PM,47.799999,48.724998,47.160000,47.759998
1/25/2022,7:19:00 PM,47.570000,47.970001,46.884998,47.099998
1/25/2022,7:20:00 PM,46.025002,46.325001,44.000000,44.380001
1/25/2022,7:21:00 PM,44.834999,45.770000,44.270000,44.410000
1/25/2022,7:22:00 PM,45.000000,45.450001,44.255001,44.794998
1/25/2022,7:23:00 PM,44.875000,45.169998,43.935001,44.125000
1/25/2022,7:24:00 PM,44.099998,44.555000,43.334999,43.455002
1/25/2022,7:25:00 PM,43.549999,44.090000,43.299999,43.685001
1/25/2022,7:26:00 PM,43.400002,43.514999,42.130001,43.139999
1/25/2022,7:27:00 PM,43.645000,43.849998,42.814999,43.320000
1/25/2022,7:28:00 PM,42.900002,44.770000,42.799999,44.355000
1/25/2022,7:29:00 PM,43.485001,43.485001,41.334999,41.544998
1/25/2022,7:30:00 PM,41.900002,42.555000,41.439999,42.130001
1/25/2022,7:31:00 PM,41.130001,41.939999,41.130001,41.630001
1/25/2022,7:32:00 PM,41.490002,41.590000,40.705002,41.279999
1/25/2022,7:33:00 PM,39.869999,39.895000,37.500000,38.174999
1/25/2022,7:34:00 PM,39.369999,39.400002,35.799999,36.404999
1/25/2022,7:35:00 PM,37.349998,39.099998,37.009998,38.755001
1/25/2022,7:36:00 PM,38.805000,38.990002,36.509998,37.715000
1/25/2022,7:37:00 PM,38.395000,38.779999,37.430000,37.575001
1/25/2022,7:38:00 PM,35.695000,35.830002,34.665001,35.150002
1/25/2022,7:39:00 PM,33.750000,33.770000,31.975000,32.230000
1/25/2022,7:40:00 PM,32.400002,32.605000,29.610001,29.975000
1/25/2022,7:41:00 PM,27.500000,29.180000,26.719999,28.745001
1/25/2022,7:42:00 PM,27.000000,33.209999,25.535000,32.669998
1/25/2022,7:43:00 PM,30.400000,31.764999,28.709999,28.959999
1/25/2022,7:44:00 PM,30.000000,30.764999,28.049999,28.275000
1/25/2022,7:45:00 PM,29.000000,29.315001,27.570000,28.084999
1/25/2022,7:46:00 PM,26.895000,28.450001,26.049999,27.184999
1/25/2022,7:47:00 PM,27.969999,30.500000,27.415001,29.775000
1/25/2022,7:48:00 PM,26.799999,27.799999,25.355000,27.115000
1/25/2022,7:49:00 PM,27.705000,28.565001,25.860001,27.190001
1/25/2022,7:50:00 PM,26.705000,29.500000,26.705000,28.680000
1/25/2022,7:51:00 PM,29.000000,29.549999,28.010000,28.445000
1/25/2022,7:52:00 PM,29.100000,29.525000,27.420000,27.725000
1/25/2022,7:53:00 PM,26.700001,27.075001,25.084999,25.405001
1/25/2022,7:54:00 PM,26.225000,27.245001,25.969999,26.959999
1/25/2022,7:55:00 PM,26.600000,26.795000,25.809999,26.635000
1/25/2022,7:56:00 PM,26.770000,26.889999,25.100000,25.375000
1/25/2022,7:57:00 PM,26.605000,27.770000,26.120001,27.620001
1/25/2022,7:58:00 PM,27.100000,29.290001,26.665001,27.475000
1/25/2022,7:59:00 PM,28.049999,28.959999,27.764999,28.485001
1/25/2022,8:00:00 PM,28.500000,29.200001,27.385000,28.254999
1/25/2022,8:01:00 PM,28.740000,29.565001,28.190001,28.514999
1/25/2022,8:02:00 PM,27.600000,29.190001,27.600000,28.889999
1/25/2022,8:03:00 PM,29.750000,29.969999,28.549999,29.334999
1/25/2022,8:04:00 PM,29.480000,29.500000,28.510000,28.639999
1/25/2022,8:05:00 PM,28.004999,28.100000,26.325001,26.594999
1/25/2022,8:06:00 PM,26.610001,26.990000,25.920000,26.834999
1/25/2022,8:07:00 PM,27.000000,27.900000,26.900000,27.030001
1/25/2022,8:08:00 PM,26.629999,27.385000,26.445000,26.754999
1/25/2022,8:09:00 PM,27.400000,27.690001,27.049999,27.165001
1/25/2022,8:10:00 PM,27.389999,27.540001,26.955000,27.355000
1/25/2022,8:11:00 PM,27.299999,28.615000,27.125000,28.264999
1/25/2022,8:12:00 PM,28.995001,30.450001,28.870001,29.830000
1/25/2022,8:13:00 PM,28.500000,28.615000,27.010000,27.360001
1/25/2022,8:14:00 PM,27.900000,28.240000,27.100000,27.264999
1/25/2022,8:15:00 PM,27.410000,28.045000,27.205000,27.775000
1/25/2022,8:16:00 PM,27.545000,28.285000,27.465000,27.584999
1/25/2022,8:17:00 PM,28.280001,28.400000,27.200001,27.290001
1/25/2022,8:18:00 PM,27.555000,28.299999,27.500000,27.620001
1/25/2022,8:19:00 PM,27.330000,27.680000,26.450001,27.395000
1/25/2022,8:20:00 PM,28.750000,28.799999,27.350000,27.655001
1/25/2022,8:21:00 PM,27.200001,27.520000,26.730000,26.855000
1/25/2022,8:22:00 PM,27.000000,27.680000,26.879999,27.344999
1/25/2022,8:23:00 PM,27.410000,27.620001,26.245001,26.660000
1/25/2022,8:24:00 PM,27.195000,28.040001,26.750000,27.200001
1/25/2022,8:25:00 PM,27.200001,28.400000,27.010000,28.320000
1/25/2022,8:26:00 PM,28.389999,28.625000,27.850000,28.370001
1/25/2022,8:27:00 PM,27.900000,28.025000,27.330000,27.445000
1/25/2022,8:28:00 PM,27.750000,28.440001,27.700001,28.045000
1/25/2022,8:29:00 PM,28.219999,29.040001,27.905001,28.795000
1/25/2022,8:30:00 PM,29.190001,29.860001,28.940001,29.549999
1/25/2022,8:31:00 PM,29.209999,29.690001,28.785000,29.520000
1/25/2022,8:32:00 PM,30.200001,31.780001,30.200001,31.520000
1/25/2022,8:33:00 PM,31.799999,32.345001,31.455000,31.940001
1/25/2022,8:34:00 PM,32.544998,32.630001,31.504999,31.740000
1/25/2022,8:35:00 PM,31.690001,32.259998,31.459999,31.995001
1/25/2022,8:36:00 PM,32.580002,34.365002,32.505001,33.895000
1/25/2022,8:37:00 PM,34.770000,35.080002,32.735001,33.360001
1/25/2022,8:38:00 PM,33.599998,34.400002,32.884998,33.220001
1/25/2022,8:39:00 PM,33.110001,33.150002,32.200001,32.400002
1/25/2022,8:40:00 PM,32.200001,32.349998,31.100000,31.315001
1/25/2022,8:41:00 PM,30.000000,32.044998,30.000000,31.760000
1/25/2022,8:42:00 PM,31.375000,31.500000,30.260000,30.620001
1/25/2022,8:43:00 PM,31.510000,32.255001,30.129999,30.895000
1/25/2022,8:44:00 PM,30.719999,31.480000,30.504999,30.820000
1/25/2022,8:45:00 PM,30.820000,31.920000,30.709999,31.809999
1/25/2022,8:46:00 PM,32.099998,32.584999,31.730000,32.055000
1/25/2022,8:47:00 PM,31.975000,32.799999,31.834999,32.570000
1/25/2022,8:48:00 PM,32.770000,33.349998,32.615002,33.200001
1/25/2022,8:49:00 PM,33.660000,33.814999,32.474998,32.605000
1/25/2022,8:50:00 PM,32.200001,32.740002,32.099998,32.310001
1/25/2022,8:51:00 PM,32.580002,32.994999,32.255001,32.384998
1/25/2022,8:52:00 PM,32.299999,32.599998,31.209999,32.084999
1/25/2022,8:53:00 PM,32.310001,33.764999,32.310001,32.669998
1/25/2022,8:54:00 PM,32.900002,32.959999,32.029999,32.369999
1/25/2022,8:55:00 PM,32.705002,33.750000,32.455002,33.490002
1/25/2022,8:56:00 PM,33.700001,33.700001,32.735001,32.990002
1/25/2022,8:57:00 PM,33.314999,34.169998,33.029999,33.889999
1/25/2022,8:58:00 PM,33.880001,33.884998,32.805000,33.029999
1/25/2022,8:59:00 PM,33.279999,34.639999,33.200001,33.419998
1/25/2022,9:00:00 PM,33.700001,34.849998,33.650002,34.450001
1/25/2022,9:01:00 PM,34.195000,34.430000,33.520000,33.869999
1/25/2022,9:02:00 PM,34.330002,34.700001,33.849998,34.209999
1/25/2022,9:03:00 PM,33.900002,33.900002,33.259998,33.665001
1/25/2022,9:04:00 PM,34.064999,34.650002,33.799999,33.930000
1/25/2022,9:05:00 PM,33.799999,34.650002,33.154999,34.165001
1/25/2022,9:06:00 PM,34.599998,35.680000,34.514999,35.095001
1/25/2022,9:07:00 PM,35.110001,35.470001,34.660000,35.240002
1/25/2022,9:08:00 PM,35.599998,36.060001,34.950001,35.915001
1/25/2022,9:09:00 PM,36.049999,36.290001,34.660000,35.005001
1/25/2022,9:10:00 PM,35.009998,35.639999,34.764999,35.189999
1/25/2022,9:11:00 PM,34.700001,34.980000,34.255001,34.610001
1/25/2022,9:12:00 PM,35.099998,35.389999,34.424999,35.285000
1/25/2022,9:13:00 PM,35.360001,36.000000,35.275002,35.849998
1/25/2022,9:14:00 PM,35.900002,37.845001,35.615002,37.375000
1/25/2022,9:15:00 PM,37.700001,37.779999,36.410000,36.660000
1/25/2022,9:16:00 PM,36.560001,37.040001,36.040001,36.630001
1/25/2022,9:17:00 PM,36.474998,37.685001,36.205002,37.349998
1/25/2022,9:18:00 PM,37.450001,37.799999,36.764999,37.224998
1/25/2022,9:19:00 PM,37.305000,39.790001,37.305000,39.580002
1/25/2022,9:20:00 PM,38.974998,40.279999,38.549999,40.044998
1/25/2022,9:21:00 PM,39.590000,40.669998,39.310001,40.404999
1/25/2022,9:22:00 PM,40.575001,41.154999,39.959999,41.020000
1/25/2022,9:23:00 PM,41.310001,42.759998,41.250000,41.645000
1/25/2022,9:24:00 PM,41.369999,41.735001,40.755001,41.450001
1/25/2022,9:25:00 PM,41.820000,42.169998,40.884998,41.310001
1/25/2022,9:26:00 PM,41.000000,43.095001,40.910000,41.849998
1/25/2022,9:27:00 PM,41.799999,42.915001,41.424999,42.505001
1/25/2022,9:28:00 PM,42.165001,43.680000,41.970001,43.450001
1/25/2022,9:29:00 PM,43.450001,43.555000,42.884998,43.169998
1/25/2022,9:30:00 PM,42.500000,43.830002,42.305000,43.259998
1/25/2022,9:31:00 PM,43.575001,44.200001,42.654999,42.884998
1/25/2022,9:32:00 PM,43.360001,43.775002,42.810001,42.950001
1/25/2022,9:33:00 PM,43.200001,43.264999,42.145000,42.400002
1/25/2022,9:34:00 PM,42.500000,42.775002,42.220001,42.500000
1/25/2022,9:35:00 PM,42.549999,43.020000,42.299999,42.685001
1/25/2022,9:36:00 PM,42.965000,43.799999,42.305000,42.419998
1/25/2022,9:37:00 PM,42.650002,43.014999,41.000000,41.299999
1/25/2022,9:38:00 PM,41.389999,43.270000,41.195000,42.865002
1/25/2022,9:39:00 PM,43.005001,44.169998,42.709999,43.865002
1/25/2022,9:40:00 PM,44.250000,44.365002,43.590000,43.810001
1/25/2022,9:41:00 PM,42.810001,43.395000,41.900002,42.130001
1/25/2022,9:42:00 PM,42.369999,42.840000,41.845001,42.250000
1/25/2022,9:43:00 PM,42.575001,42.575001,40.259998,40.509998
1/25/2022,9:44:00 PM,39.880001,42.014999,38.650002,41.740002
1/25/2022,9:45:00 PM,42.400002,42.590000,40.110001,40.799999
1/25/2022,9:46:00 PM,40.875000,41.264999,40.250000,40.750000
1/25/2022,9:47:00 PM,41.000000,41.410000,40.215000,40.465000
1/25/2022,9:48:00 PM,40.700001,41.055000,40.355000,40.525002
1/25/2022,9:49:00 PM,40.645000,41.000000,40.270000,40.459999
1/25/2022,9:50:00 PM,40.195000,40.750000,39.320000,39.869999
1/25/2022,9:51:00 PM,40.209999,40.564999,39.340000,39.549999
1/25/2022,9:52:00 PM,39.599998,39.919998,37.099998,37.340000
1/25/2022,9:53:00 PM,37.400002,37.849998,35.820000,37.415001
1/25/2022,9:54:00 PM,37.700001,37.799999,35.645000,36.130001
1/25/2022,9:55:00 PM,35.680000,35.724998,34.275002,34.389999
1/25/2022,9:56:00 PM,34.799999,35.560001,34.419998,35.209999
1/25/2022,9:57:00 PM,35.994999,36.494999,35.564999,36.099998
1/25/2022,9:58:00 PM,36.500000,37.180000,36.169998,37.005001
1/25/2022,9:59:00 PM,37.105000,37.150002,35.799999,35.974998
1/25/2022,10:00:00 PM,36.430000,37.029999,36.314999,36.494999
1/25/2022,10:01:00 PM,37.009998,38.549999,36.950001,38.230000
1/25/2022,10:02:00 PM,38.680000,38.724998,37.310001,37.740002
1/25/2022,10:03:00 PM,37.599998,37.930000,37.000000,37.110001
1/25/2022,10:04:00 PM,37.445000,38.299999,37.169998,37.365002
1/25/2022,10:05:00 PM,37.605000,38.695000,36.705002,36.950001
1/25/2022,10:06:00 PM,37.349998,37.715000,36.250000,37.110001
1/25/2022,10:07:00 PM,37.200001,37.625000,36.665001,36.834999
1/25/2022,10:08:00 PM,37.040001,37.724998,36.955002,37.555000
1/25/2022,10:09:00 PM,38.099998,38.860001,37.150002,37.389999
1/25/2022,10:10:00 PM,37.709999,39.590000,37.520000,39.384998
1/25/2022,10:11:00 PM,39.759998,40.000000,39.180000,39.549999
1/25/2022,10:12:00 PM,39.200001,39.735001,38.959999,39.240002
1/25/2022,10:13:00 PM,39.630001,40.799999,39.435001,40.404999
1/25/2022,10:14:00 PM,40.189999,41.355000,40.009998,40.965000
1/25/2022,10:15:00 PM,41.299999,42.599998,41.220001,42.345001
1/25/2022,10:16:00 PM,42.334999,42.334999,40.415001,40.840000
1/25/2022,10:17:00 PM,40.869999,41.685001,40.340000,41.099998
1/25/2022,10:18:00 PM,41.145000,41.820000,40.044998,40.230000
1/25/2022,10:19:00 PM,39.945000,40.500000,39.529999,40.139999
1/25/2022,10:20:00 PM,40.270000,41.290001,39.520000,41.055000
1/25/2022,10:21:00 PM,41.000000,41.250000,39.869999,40.285000
1/25/2022,10:22:00 PM,40.750000,41.220001,40.445000,40.689999
1/25/2022,10:23:00 PM,40.889999,41.505001,40.139999,40.389999
1/25/2022,10:24:00 PM,41.200001,42.825001,40.915001,42.549999
1/25/2022,10:25:00 PM,42.450001,43.290001,42.264999,42.650002
1/25/2022,10:26:00 PM,43.299999,43.990002,42.740002,43.830002
1/25/2022,10:27:00 PM,44.000000,45.325001,43.555000,44.189999
1/25/2022,10:28:00 PM,44.189999,47.735001,43.959999,47.395000
1/25/2022,10:29:00 PM,47.200001,47.990002,46.630001,47.314999
1/25/2022,10:30:00 PM,47.084999,48.840000,46.500000,48.654999
1/25/2022,10:31:00 PM,49.654999,49.950001,48.700001,49.220001
1/25/2022,10:32:00 PM,50.599998,53.095001,50.169998,52.270000
1/25/2022,10:33:00 PM,51.799999,52.380001,51.064999,51.720001
1/25/2022,10:34:00 PM,51.185001,53.570000,51.000000,52.360001
1/25/2022,10:35:00 PM,52.599998,54.169998,52.099998,53.290001
1/25/2022,10:36:00 PM,53.799999,54.599998,53.634998,54.310001
1/25/2022,10:37:00 PM,54.794998,55.044998,54.139999,54.830002
1/25/2022,10:38:00 PM,55.099998,55.865002,53.950001,54.125000
1/25/2022,10:39:00 PM,54.599998,57.110001,54.125000,56.840000
1/25/2022,10:40:00 PM,57.000000,58.235001,56.305000,57.735001
1/25/2022,10:41:00 PM,59.200001,59.200001,57.695000,58.580002
1/25/2022,10:42:00 PM,58.570000,60.759998,58.404999,60.435001
1/25/2022,10:43:00 PM,60.900002,62.474998,60.799999,62.090000
1/25/2022,10:44:00 PM,62.400002,63.250000,61.459999,62.270000
1/25/2022,10:45:00 PM,62.360001,62.900002,60.945000,61.455002
1/25/2022,10:46:00 PM,61.599998,62.145000,60.244999,61.345001
1/25/2022,10:47:00 PM,61.799999,62.070000,60.709999,60.935001
1/25/2022,10:48:00 PM,60.599998,61.400002,59.349998,61.009998
1/25/2022,10:49:00 PM,61.490002,62.544998,61.424999,62.169998
1/25/2022,10:50:00 PM,62.674999,63.889999,62.529999,62.674999
1/25/2022,10:51:00 PM,62.345001,63.709999,61.735001,63.535000
1/25/2022,10:52:00 PM,64.120003,64.945000,63.820000,64.339996
1/25/2022,10:53:00 PM,64.339996,64.599998,63.145000,63.529999
1/25/2022,10:54:00 PM,63.825001,64.084999,62.799999,63.125000
1/25/2022,10:55:00 PM,62.400002,62.770000,58.560001,59.584999
1/25/2022,10:56:00 PM,59.599998,61.044998,58.500000,60.134998
1/25/2022,10:57:00 PM,59.900002,62.419998,59.630001,62.139999
1/25/2022,10:58:00 PM,62.529999,63.695000,61.924999,62.230000
1/25/2022,10:59:00 PM,62.825001,63.535000,62.660000,63.264999
1/25/2022,11:00:00 PM,63.785000,63.965000,62.105000,63.220001
1/25/2022,11:01:00 PM,63.294998,64.394997,62.404999,64.044998
1/25/2022,11:02:00 PM,63.654999,65.349998,63.654999,64.364998
1/25/2022,11:03:00 PM,64.500000,64.970001,64.000000,64.309998
1/25/2022,11:04:00 PM,64.900002,69.989998,64.644997,69.300003
1/25/2022,11:05:00 PM,68.699997,69.385002,67.510002,68.055000
1/25/2022,11:06:00 PM,68.400002,69.665001,67.500000,68.379997
1/25/2022,11:07:00 PM,69.300003,73.150002,69.169998,72.279999
1/25/2022,11:08:00 PM,72.699997,72.724998,70.309998,71.315002
1/25/2022,11:09:00 PM,71.199997,71.199997,68.820000,69.565002
1/25/2022,11:10:00 PM,69.500000,72.449997,69.110001,69.489998
1/25/2022,11:11:00 PM,70.144997,71.455002,69.300003,70.915001
1/25/2022,11:12:00 PM,71.000000,71.445000,69.709999,70.635002
1/25/2022,11:13:00 PM,71.199997,72.150002,69.764999,70.589996
1/25/2022,11:14:00 PM,70.800003,70.875000,65.949997,66.669998
1/25/2022,11:15:00 PM,67.199997,68.394997,64.699997,68.110001
1/25/2022,11:16:00 PM,69.014999,69.949997,68.260002,69.014999
1/25/2022,11:17:00 PM,69.099998,69.474998,66.160004,66.669998
1/25/2022,11:18:00 PM,67.000000,67.580002,63.365002,64.699997
1/25/2022,11:19:00 PM,65.099998,66.184998,63.099998,65.195000
1/25/2022,11:20:00 PM,65.089996,65.114998,62.380001,62.599998
1/25/2022,11:21:00 PM,61.799999,63.060001,61.259998,62.369999
1/25/2022,11:22:00 PM,63.005001,63.380001,59.599998,60.099998
1/25/2022,11:23:00 PM,60.490002,64.000000,59.744999,63.610001
1/25/2022,11:24:00 PM,64.300003,64.800003,62.410000,64.165001
1/25/2022,11:25:00 PM,64.489998,66.430000,63.724998,65.315002
1/25/2022,11:26:00 PM,65.400002,66.349998,63.860001,65.595001
1/25/2022,11:27:00 PM,65.690002,69.059998,65.139999,68.504997
1/25/2022,11:28:00 PM,69.400002,70.489998,68.269997,70.294998
1/25/2022,11:29:00 PM,70.650002,71.644997,69.160004,69.919998
1/25/2022,11:30:00 PM,71.000000,72.449997,68.004997,69.025002
1/25/2022,11:31:00 PM,68.760002,70.459999,68.285004,69.470001
1/25/2022,11:32:00 PM,69.500000,69.790001,67.849998,68.050003
1/25/2022,11:33:00 PM,68.709999,68.800003,67.000000,67.214996
1/25/2022,11:34:00 PM,67.214996,70.860001,66.830002,69.919998
1/25/2022,11:35:00 PM,69.764999,70.349998,68.750000,69.680000
1/25/2022,11:36:00 PM,70.000000,71.099998,69.400002,69.775002
1/25/2022,11:37:00 PM,69.599998,69.599998,65.595001,67.070000
1/25/2022,11:38:00 PM,67.290001,69.790001,67.084999,68.455002
1/25/2022,11:39:00 PM,68.959999,73.599998,68.220001,72.930000
1/25/2022,11:40:00 PM,73.500000,74.500000,72.000000,72.769997
1/25/2022,11:41:00 PM,73.519997,75.300003,73.195000,74.290001
1/25/2022,11:42:00 PM,72.500000,74.160004,71.110001,71.514999
1/25/2022,11:43:00 PM,72.400002,73.824997,71.135002,73.040001
1/25/2022,11:44:00 PM,73.044998,73.974998,72.315002,73.550003
1/25/2022,11:45:00 PM,74.099998,78.250000,74.099998,77.714996
1/25/2022,11:46:00 PM,75.099998,76.690002,74.364998,75.794998
1/25/2022,11:47:00 PM,74.849998,75.599998,72.699997,73.330002
1/25/2022,11:48:00 PM,74.394997,75.120003,73.504997,73.724998
1/25/2022,11:49:00 PM,74.500000,75.095001,70.224998,70.675003
1/25/2022,11:50:00 PM,71.489998,72.995003,70.305000,72.449997
1/25/2022,11:51:00 PM,74.000000,74.500000,71.400002,71.995003
1/25/2022,11:52:00 PM,72.199997,73.900002,71.504997,73.639999
1/25/2022,11:53:00 PM,74.010002,74.010002,71.919998,72.404999
1/25/2022,11:54:00 PM,72.495003,72.599998,70.065002,70.440002
1/25/2022,11:55:00 PM,71.625000,72.290001,69.830002,70.485001
1/25/2022,11:56:00 PM,70.275002,73.675003,68.125000,73.300003
1/25/2022,11:57:00 PM,73.110001,74.565002,72.500000,74.349998
1/25/2022,11:58:00 PM,74.599998,74.945000,73.330002,74.114998
1/25/2022,11:59:00 PM,73.099998,73.300003,69.894997,70.279999
1/26/2022,12:00:00 AM,71.010002,73.070000,68.834999,72.315002
1/26/2022,12:01:00 AM,73.040001,77.489998,72.519997,76.684998
1/26/2022,12:02:00 AM,78.000000,81.000000,77.790001,80.000000
1/26/2022,12:03:00 AM,79.400002,82.349998,79.010002,81.184998
1/26/2022,12:04:00 AM,82.099998,86.889999,81.900002,86.305000
1/26/2022,12:05:00 AM,86.199997,87.785004,83.714996,86.775002
1/26/2022,12:06:00 AM,87.550003,88.250000,85.815002,86.285004
1/26/2022,12:07:00 AM,86.949997,88.500000,86.464996,87.485001
1/26/2022,12:08:00 AM,88.400002,95.364998,88.269997,91.839996
1/26/2022,12:09:00 AM,92.099998,93.000000,88.570000,89.949997
1/26/2022,12:10:00 AM,87.654999,89.320000,84.334999,85.154999
1/26/2022,12:11:00 AM,86.199997,88.160004,84.900002,87.900002
1/26/2022,12:12:00 AM,89.199997,91.150002,87.949997,89.820000
1/26/2022,12:13:00 AM,90.379997,91.440002,88.625000,89.025002
1/26/2022,12:14:00 AM,86.980003,89.900002,86.000000,88.805000
1/26/2022,12:15:00 AM,90.000000,90.574997,88.199997,89.400002
1/26/2022,12:16:00 AM,89.995003,93.864998,89.705002,92.139999
1/26/2022,12:17:00 AM,92.980003,94.500000,91.074997,92.559998
1/26/2022,12:18:00 AM,93.500000,95.599998,93.004997,94.074997
1/26/2022,12:19:00 AM,94.830002,98.300003,94.430000,97.775002
1/26/2022,12:20:00 AM,98.500000,98.599998,96.199997,97.139999
1/26/2022,12:21:00 AM,98.300003,103.695000,98.300003,103.135002
1/26/2022,12:22:00 AM,102.400002,105.260002,101.110001,103.400002
1/26/2022,12:23:00 AM,103.195000,106.900002,101.849998,106.474998
1/26/2022,12:24:00 AM,107.445000,108.665001,105.754997,106.385002
1/26/2022,12:25:00 AM,108.400002,108.834999,104.699997,107.014999
1/26/2022,12:26:00 AM,105.500000,112.900002,104.250000,110.089996
1/26/2022,12:27:00 AM,113.500000,119.199997,113.010002,118.235001
1/26/2022,12:28:00 AM,121.000000,122.900002,120.000000,121.635002
1/26/2022,12:29:00 AM,119.000000,124.599998,117.690002,123.389999
1/26/2022,12:30:00 AM,123.195000,124.684998,116.324997,117.915001
1/26/2022,12:31:00 AM,118.500000,118.500000,111.519997,113.209999
1/26/2022,12:32:00 AM,113.800003,115.820000,110.349998,115.084999
1/26/2022,12:33:00 AM,117.500000,119.644997,115.705002,118.000000
1/26/2022,12:34:00 AM,117.300003,118.955002,115.800003,116.425003
1/26/2022,12:35:00 AM,113.110001,113.550003,109.805000,110.504997
1/26/2022,12:36:00 AM,111.400002,112.389999,110.584999,111.309998
1/26/2022,12:37:00 AM,110.800003,110.894997,108.209999,109.199997
1/26/2022,12:38:00 AM,110.195000,112.595001,110.000000,110.519997
1/26/2022,12:39:00 AM,109.050003,109.400002,107.250000,108.214996
1/26/2022,12:40:00 AM,108.214996,110.974998,107.500000,109.665001
1/26/2022,12:41:00 AM,113.099998,114.360001,109.745003,110.349998
1/26/2022,12:42:00 AM,111.199997,112.964996,109.900002,112.565002
1/26/2022,12:43:00 AM,112.000000,112.300003,108.550003,110.089996
1/26/2022,12:44:00 AM,110.500000,112.980003,110.400002,112.404999
1/26/2022,12:45:00 AM,112.955002,113.974998,111.300003,112.199997
1/26/2022,12:46:00 AM,111.599998,112.879997,110.699997,112.070000
1/26/2022,12:47:00 AM,113.000000,115.000000,112.555000,112.870003
1/26/2022,12:48:00 AM,113.269997,113.269997,110.004997,111.110001
1/26/2022,12:49:00 AM,111.699997,112.800003,109.394997,110.099998
1/26/2022,12:50:00 AM,110.930000,112.580002,110.290001,111.445000
1/26/2022,12:51:00 AM,112.779999,116.459999,111.309998,115.834999
1/26/2022,12:52:00 AM,116.800003,117.864998,114.000000,116.480003
1/26/2022,12:53:00 AM,117.000000,118.680000,116.010002,117.430000
1/26/2022,12:54:00 AM,116.900002,118.474998,113.165001,114.214996
1/26/2022,12:55:00 AM,111.894997,113.379997,109.565002,110.375000
1/26/2022,12:56:00 AM,110.500000,110.989998,105.025002,109.230003
1/26/2022,12:57:00 AM,107.000000,110.900002,106.364998,110.614998
1/26/2022,12:58:00 AM,111.419998,113.099998,110.650002,111.230003
1/26/2022,12:59:00 AM,112.050003,112.754997,109.785004,110.010002
1/26/2022,1:00:00 AM,110.500000,112.050003,109.845001,111.315002
1/26/2022,1:01:00 AM,113.500000,117.000000,113.000000,116.525002
1/26/2022,1:02:00 AM,117.400002,118.900002,116.300003,118.400002
1/26/2022,1:03:00 AM,118.449997,119.199997,116.555000,117.254997
1/26/2022,1:04:00 AM,118.105003,119.099998,116.279999,116.660004
1/26/2022,1:05:00 AM,117.190002,117.680000,115.644997,116.355003
1/26/2022,1:06:00 AM,116.599998,116.680000,113.019997,113.599998
1/26/2022,1:07:00 AM,114.599998,116.180000,113.599998,115.684998
1/26/2022,1:08:00 AM,115.864998,117.800003,115.025002,116.724998
1/26/2022,1:09:00 AM,116.794998,122.500000,115.849998,121.864998
1/26/2022,1:10:00 AM,122.500000,123.000000,118.120003,118.974998
1/26/2022,1:11:00 AM,119.199997,124.410004,118.800003,123.934998
1/26/2022,1:12:00 AM,125.099998,125.849998,121.834999,122.695000
1/26/2022,1:13:00 AM,123.800003,124.345001,122.309998,122.875000
1/26/2022,1:14:00 AM,123.195000,124.769997,121.900002,124.470001
1/26/2022,1:15:00 AM,124.610001,126.580002,123.769997,125.595001
1/26/2022,1:16:00 AM,126.470001,128.130005,125.904999,127.845001
1/26/2022,1:17:00 AM,125.900002,129.089996,125.370003,126.639999
1/26/2022,1:18:00 AM,127.199997,127.230003,122.500000,123.334999
1/26/2022,1:19:00 AM,124.900002,127.794998,124.800003,127.300003
1/26/2022,1:20:00 AM,127.934998,129.550003,127.400002,128.139999
1/26/2022,1:21:00 AM,128.899994,130.824997,127.805000,129.794998
1/26/2022,1:22:00 AM,131.500000,133.449997,130.804993,133.065002
1/26/2022,1:23:00 AM,133.199997,136.994995,130.619995,136.500000
1/26/2022,1:24:00 AM,137.500000,148.179993,136.800003,145.860001
1/26/2022,1:25:00 AM,145.565002,147.270004,142.779999,143.429993
1/26/2022,1:26:00 AM,144.600006,144.699997,140.550003,141.005005
1/26/2022,1:27:00 AM,141.399994,142.085007,139.035004,140.720001
1/26/2022,1:28:00 AM,142.000000,144.800003,140.509995,141.619995
1/26/2022,1:29:00 AM,141.529999,145.000000,138.750000,144.660004
1/26/2022,1:30:00 AM,144.899994,145.699997,142.600006,142.884995
1/26/2022,1:31:00 AM,143.399994,144.324997,140.539993,141.220001
1/26/2022,1:32:00 AM,141.199997,141.800003,136.720001,137.360001
1/26/2022,1:33:00 AM,139.000000,142.970001,138.419998,142.619995
1/26/2022,1:34:00 AM,143.600006,144.470001,141.654999,143.535004
1/26/2022,1:35:00 AM,140.500000,147.660004,139.065002,146.164993
1/26/2022,1:36:00 AM,148.399994,153.449997,147.220001,151.940002
1/26/2022,1:37:00 AM,151.940002,153.399994,149.175003,150.369995
1/26/2022,1:38:00 AM,150.945007,151.889999,148.820007,150.044998
1/26/2022,1:39:00 AM,144.505005,144.699997,136.279999,137.559998
1/26/2022,1:40:00 AM,140.199997,140.979996,131.074997,135.865005
1/26/2022,1:41:00 AM,138.199997,142.000000,137.699997,140.464996
1/26/2022,1:42:00 AM,141.800003,142.600006,138.074997,139.020004
1/26/2022,1:43:00 AM,139.039993,139.475006,136.500000,137.505005
1/26/2022,1:44:00 AM,137.899994,139.445007,137.585007,138.414993
1/26/2022,1:45:00 AM,139.899994,144.500000,139.800003,144.059998
1/26/2022,1:46:00 AM,144.500000,145.899994,143.199997,145.024994
1/26/2022,1:47:00 AM,145.125000,145.550003,140.699997,141.119995
1/26/2022,1:48:00 AM,141.100006,143.199997,141.000000,142.509995
1/26/2022,1:49:00 AM,142.800003,145.294998,141.645004,144.365005
1/26/2022,1:50:00 AM,144.699997,145.195007,142.315002,143.699997
1/26/2022,1:51:00 AM,144.399994,145.899994,142.065002,142.869995
1/26/2022,1:52:00 AM,142.600006,144.264999,141.860001,142.985001
1/26/2022,1:53:00 AM,142.000000,145.195007,142.000000,144.699997
1/26/2022,1:54:00 AM,144.699997,147.199997,143.649994,146.345001
1/26/2022,1:55:00 AM,147.600006,147.600006,144.899994,145.229996
1/26/2022,1:56:00 AM,145.229996,146.369995,144.440002,145.509995
1/26/2022,1:57:00 AM,146.000000,147.190002,143.125000,143.675003
1/26/2022,1:58:00 AM,143.699997,144.029999,136.000000,138.589996
1/26/2022,1:59:00 AM,135.000000,135.190002,124.735001,125.309998
1/26/2022,2:00:00 AM,125.800003,129.690002,123.290001,129.220001
1/26/2022,2:01:00 AM,129.940002,131.800003,128.309998,130.580002
1/26/2022,2:02:00 AM,133.000000,133.945007,130.604996,131.869995
1/26/2022,2:03:00 AM,132.000000,132.399994,125.845001,127.209999
1/26/2022,2:04:00 AM,127.199997,128.869995,126.105003,127.050003
1/26/2022,2:05:00 AM,127.345001,129.679993,126.300003,128.095001
1/26/2022,2:06:00 AM,127.000000,130.979996,126.720001,129.554993
1/26/2022,2:07:00 AM,130.300003,131.639999,128.384995,128.889999
1/26/2022,2:08:00 AM,127.500000,131.100006,126.500000,129.785004
1/26/2022,2:09:00 AM,129.785004,132.774994,128.039993,132.414993
1/26/2022,2:10:00 AM,131.399994,133.270004,131.014999,131.684998
1/26/2022,2:11:00 AM,131.990005,132.860001,127.315002,127.989998
1/26/2022,2:12:00 AM,129.500000,130.679993,128.354996,128.919998
1/26/2022,2:13:00 AM,130.199997,134.404999,129.634995,130.115005
1/26/2022,2:14:00 AM,130.500000,132.735001,129.800003,131.320007
1/26/2022,2:15:00 AM,131.320007,133.500000,130.500000,132.910004
1/26/2022,2:16:00 AM,132.550003,137.654999,131.804993,135.429993
1/26/2022,2:17:00 AM,137.399994,139.059998,135.399994,137.505005
1/26/2022,2:18:00 AM,141.800003,142.475006,139.110001,141.104996
1/26/2022,2:19:00 AM,142.100006,142.654999,135.755005,136.690002
1/26/2022,2:20:00 AM,137.199997,137.600006,132.664993,134.330002
1/26/2022,2:21:00 AM,135.669998,135.785004,128.970001,131.470001
1/26/2022,2:22:00 AM,132.000000,132.464996,127.099998,129.625000
1/26/2022,2:23:00 AM,130.199997,131.600006,126.724998,129.330002
1/26/2022,2:24:00 AM,130.300003,135.100006,130.145004,134.365005
1/26/2022,2:25:00 AM,134.600006,135.169998,132.125000,132.615005
1/26/2022,2:26:00 AM,131.490005,131.595001,129.110001,129.960007
1/26/2022,2:27:00 AM,129.024994,133.369995,129.000000,131.595001
1/26/2022,2:28:00 AM,134.000000,137.289993,133.000000,136.490005
1/26/2022,2:29:00 AM,137.000000,137.000000,131.080002,131.365005
1/26/2022,2:30:00 AM,132.479996,133.199997,131.199997,132.604996
1/26/2022,2:31:00 AM,133.100006,133.500000,132.410004,132.589996
1/26/2022,2:32:00 AM,134.089996,134.764999,130.610001,134.324997
1/26/2022,2:33:00 AM,134.285004,136.029999,132.884995,133.595001
1/26/2022,2:34:00 AM,132.800003,132.899994,128.710007,129.854996
1/26/2022,2:35:00 AM,130.490005,132.449997,128.835007,129.960007
1/26/2022,2:36:00 AM,134.000000,134.000000,127.110001,128.725006
1/26/2022,2:37:00 AM,129.500000,129.899994,124.150002,124.544998
1/26/2022,2:38:00 AM,124.544998,126.105003,122.370003,122.879997
1/26/2022,2:39:00 AM,122.500000,123.739998,121.510002,122.004997
1/26/2022,2:40:00 AM,122.360001,122.830002,118.199997,118.660004
1/26/2022,2:41:00 AM,118.809998,119.680000,114.599998,116.504997
1/26/2022,2:42:00 AM,116.805000,120.900002,116.514999,119.205002
1/26/2022,2:43:00 AM,120.040001,120.294998,117.114998,117.849998
1/26/2022,2:44:00 AM,118.000000,118.660004,116.599998,117.364998
1/26/2022,2:45:00 AM,115.790001,115.949997,110.625000,111.230003
1/26/2022,2:46:00 AM,111.230003,113.699997,107.504997,111.474998
1/26/2022,2:47:00 AM,111.095001,112.790001,106.300003,107.120003
1/26/2022,2:48:00 AM,109.199997,109.699997,106.650002,108.254997
1/26/2022,2:49:00 AM,108.300003,111.599998,107.400002,111.239998
1/26/2022,2:50:00 AM,111.500000,113.419998,110.224998,111.800003
1/26/2022,2:51:00 AM,111.400002,114.099998,110.220001,110.879997
1/26/2022,2:52:00 AM,112.110001,115.555000,112.099998,114.879997
1/26/2022,2:53:00 AM,115.900002,117.699997,114.900002,117.300003
1/26/2022,2:54:00 AM,118.199997,118.199997,115.900002,117.684998
1/26/2022,2:55:00 AM,117.345001,118.889999,116.760002,118.000000
1/26/2022,2:56:00 AM,118.800003,119.900002,116.165001,116.529999
1/26/2022,2:57:00 AM,115.894997,117.790001,114.699997,116.720001
1/26/2022,2:58:00 AM,117.004997,117.559998,114.900002,115.404999
1/26/2022,2:59:00 AM,116.400002,116.879997,114.355003,115.320000
1/26/2022,3:00:00 AM,115.400002,115.885002,112.500000,113.209999
1/26/2022,3:01:00 AM,111.699997,111.720001,106.605003,107.294998
1/26/2022,3:02:00 AM,109.000000,112.425003,108.500000,110.510002
1/26/2022,3:03:00 AM,111.500000,113.099998,111.000000,112.885002
1/26/2022,3:04:00 AM,113.800003,114.680000,112.019997,112.764999
1/26/2022,3:05:00 AM,113.004997,113.345001,110.385002,111.544998
1/26/2022,3:06:00 AM,111.105003,112.470001,110.235001,112.180000
1/26/2022,3:07:00 AM,112.699997,113.150002,112.199997,112.745003
1/26/2022,3:08:00 AM,112.000000,112.665001,110.800003,111.625000
1/26/2022,3:09:00 AM,111.790001,112.699997,109.900002,110.099998
1/26/2022,3:10:00 AM,110.500000,112.349998,110.264999,111.144997
1/26/2022,3:11:00 AM,111.500000,115.099998,111.500000,114.245003
1/26/2022,3:12:00 AM,115.300003,115.970001,113.650002,114.879997
1/26/2022,3:13:00 AM,114.699997,118.080002,114.125000,117.760002
1/26/2022,3:14:00 AM,117.199997,118.300003,115.555000,116.324997
1/26/2022,3:15:00 AM,116.519997,117.400002,114.785004,116.035004
1/26/2022,3:16:00 AM,116.500000,117.339996,115.385002,116.904999
1/26/2022,3:17:00 AM,115.864998,116.269997,111.300003,113.025002
1/26/2022,3:18:00 AM,113.985001,115.080002,113.239998,114.720001
1/26/2022,3:19:00 AM,115.400002,122.550003,115.214996,122.114998
1/26/2022,3:20:00 AM,121.300003,122.629997,120.610001,121.360001
1/26/2022,3:21:00 AM,121.500000,124.500000,119.035004,122.974998
1/26/2022,3:22:00 AM,123.000000,123.375000,119.000000,119.485001
1/26/2022,3:23:00 AM,119.599998,122.089996,118.300003,120.959999
1/26/2022,3:24:00 AM,121.010002,122.400002,119.699997,120.669998
1/26/2022,3:25:00 AM,120.000000,120.430000,115.635002,116.970001
1/26/2022,3:26:00 AM,116.000000,116.364998,109.000000,109.919998
1/26/2022,3:27:00 AM,109.470001,112.099998,108.705002,110.910004
1/26/2022,3:28:00 AM,109.000000,110.345001,106.129997,108.834999
1/26/2022,3:29:00 AM,110.584999,112.574997,108.095001,108.464996
1/26/2022,3:30:00 AM,110.989998,111.459999,108.050003,108.555000
1/26/2022,3:31:00 AM,110.489998,117.445000,108.639999,116.735001
1/26/2022,3:32:00 AM,117.989998,117.989998,115.830002,116.750000
1/26/2022,3:33:00 AM,115.300003,118.169998,114.629997,116.660004
1/26/2022,3:34:00 AM,117.379997,119.775002,117.025002,117.629997
1/26/2022,3:35:00 AM,116.830002,121.459999,116.099998,118.300003
1/26/2022,3:36:00 AM,119.500000,122.239998,117.150002,121.959999
1/26/2022,3:37:00 AM,123.099998,123.400002,120.815002,122.235001
1/26/2022,3:38:00 AM,123.000000,125.425003,122.599998,124.834999
1/26/2022,3:39:00 AM,123.900002,126.495003,123.309998,125.445000
1/26/2022,3:40:00 AM,122.010002,122.775002,118.010002,118.684998
1/26/2022,3:41:00 AM,119.684998,121.199997,115.154999,120.775002
1/26/2022,3:42:00 AM,121.500000,121.790001,118.650002,119.180000
1/26/2022,3:43:00 AM,120.110001,120.949997,118.614998,119.095001
1/26/2022,3:44:00 AM,118.699997,120.500000,118.300003,119.080002
1/26/2022,3:45:00 AM,118.800003,120.199997,117.440002,118.184998
1/26/2022,3:46:00 AM,115.800003,116.665001,111.925003,113.870003
1/26/2022,3:47:00 AM,114.800003,115.260002,113.400002,113.900002
1/26/2022,3:48:00 AM,109.400002,111.995003,106.709999,107.400002
1/26/2022,3:49:00 AM,109.769997,115.070000,109.559998,114.535004
1/26/2022,3:50:00 AM,113.400002,122.500000,112.919998,122.074997
1/26/2022,3:51:00 AM,122.074997,129.960007,121.855003,128.934998
1/26/2022,3:52:00 AM,130.600006,132.865005,129.365005,130.330002
1/26/2022,3:53:00 AM,130.240005,131.985001,127.300003,127.709999
1/26/2022,3:54:00 AM,127.589996,130.179993,126.400002,129.190002
1/26/2022,3:55:00 AM,129.300003,129.399994,124.400002,126.949997
1/26/2022,3:56:00 AM,127.389999,127.680000,124.860001,125.535004
1/26/2022,3:57:00 AM,125.785004,131.380005,124.099998,130.869995
1/26/2022,3:58:00 AM,131.500000,133.990005,129.619995,130.169998
1/26/2022,3:59:00 AM,130.500000,131.169998,127.769997,129.699997
1/26/2022,4:00:00 AM,129.179993,129.300003,122.800003,123.375000
1/26/2022,4:01:00 AM,124.500000,127.120003,124.019997,126.525002
1/26/2022,4:02:00 AM,127.500000,131.779999,127.110001,130.345001
1/26/2022,4:03:00 AM,130.800003,133.399994,129.449997,130.294998
1/26/2022,4:04:00 AM,132.000000,133.000000,128.804993,130.199997
1/26/2022,4:05:00 AM,132.399994,134.779999,129.235001,133.100006
1/26/2022,4:06:00 AM,133.095001,135.949997,132.595001,135.054993
1/26/2022,4:07:00 AM,135.490005,136.600006,133.354996,133.895004
1/26/2022,4:08:00 AM,134.000000,135.500000,132.759995,133.895004
1/26/2022,4:09:00 AM,134.399994,134.615005,132.699997,133.464996
1/26/2022,4:10:00 AM,133.500000,133.554993,130.000000,130.804993
1/26/2022,4:11:00 AM,130.800003,132.044998,130.009995,130.720001
1/26/2022,4:12:00 AM,131.000000,134.089996,130.544998,131.710007
1/26/2022,4:13:00 AM,131.710007,135.399994,131.445007,134.190002
1/26/2022,4:14:00 AM,134.845001,135.800003,132.925003,134.490005
1/26/2022,4:15:00 AM,135.000000,138.669998,134.679993,137.074997
1/26/2022,4:16:00 AM,137.699997,138.100006,134.100006,134.949997
1/26/2022,4:17:00 AM,136.095001,137.994995,135.625000,137.074997
1/26/2022,4:18:00 AM,137.070007,138.399994,135.300003,135.789993
1/26/2022,4:19:00 AM,135.300003,135.994995,129.610001,132.024994
1/26/2022,4:20:00 AM,133.494995,134.600006,131.500000,131.949997
1/26/2022,4:21:00 AM,133.190002,135.804993,132.884995,133.910004
1/26/2022,4:22:00 AM,135.259995,136.664993,130.899994,132.660004
1/26/2022,4:23:00 AM,132.970001,133.645004,130.304993,131.425003
1/26/2022,4:24:00 AM,131.600006,132.274994,128.585007,130.214996
1/26/2022,4:25:00 AM,130.160004,131.154999,127.375000,127.754997
1/26/2022,4:26:00 AM,125.000000,126.294998,121.279999,122.035004
1/26/2022,4:27:00 AM,123.500000,124.169998,122.500000,123.360001
1/26/2022,4:28:00 AM,122.699997,125.500000,121.040001,124.669998
1/26/2022,4:29:00 AM,125.949997,126.864998,124.300003,126.084999
1/26/2022,4:30:00 AM,126.800003,129.169998,126.565002,127.105003
1/26/2022,4:31:00 AM,125.699997,130.274994,124.875000,129.520004
1/26/2022,4:32:00 AM,132.729996,133.000000,125.449997,126.135002
1/26/2022,4:33:00 AM,128.000000,131.649994,127.800003,128.425003
1/26/2022,4:34:00 AM,126.800003,129.000000,124.300003,128.369995
1/26/2022,4:35:00 AM,126.000000,127.419998,124.400002,125.224998
1/26/2022,4:36:00 AM,125.099998,125.464996,115.855003,116.489998
1/26/2022,4:37:00 AM,117.500000,119.089996,112.339996,116.570000
1/26/2022,4:38:00 AM,115.690002,116.239998,110.300003,111.769997
1/26/2022,4:39:00 AM,113.500000,115.180000,109.199997,109.699997
1/26/2022,4:40:00 AM,111.900002,113.480003,109.400002,110.349998
1/26/2022,4:41:00 AM,112.400002,119.720001,111.535004,118.870003
1/26/2022,4:42:00 AM,119.699997,120.900002,117.500000,118.025002
1/26/2022,4:43:00 AM,115.099998,115.489998,111.519997,112.214996
1/26/2022,4:44:00 AM,116.235001,117.839996,114.120003,117.059998
1/26/2022,4:45:00 AM,109.699997,109.699997,100.154999,102.294998
1/26/2022,4:46:00 AM,103.099998,103.989998,100.199997,100.635002
1/26/2022,4:47:00 AM,100.635002,101.834999,99.180000,99.910004
1/26/2022,4:48:00 AM,100.699997,106.754997,99.525002,105.199997
1/26/2022,4:49:00 AM,106.250000,106.764999,103.199997,104.349998
1/26/2022,4:50:00 AM,105.900002,106.379997,104.349998,104.745003
1/26/2022,4:51:00 AM,104.500000,107.190002,103.699997,105.565002
1/26/2022,4:52:00 AM,106.550003,107.900002,105.330002,106.355003
1/26/2022,4:53:00 AM,106.775002,108.474998,105.910004,108.154999
1/26/2022,4:54:00 AM,109.199997,109.279999,106.500000,106.730003
1/26/2022,4:55:00 AM,106.500000,108.290001,104.919998,107.809998
1/26/2022,4:56:00 AM,106.699997,108.150002,106.355003,106.849998
1/26/2022,4:57:00 AM,108.099998,108.889999,107.404999,108.675003
1/26/2022,4:58:00 AM,107.495003,108.724998,104.120003,104.485001
1/26/2022,4:59:00 AM,103.000000,103.139999,101.065002,102.370003
1/26/2022,5:00:00 AM,100.430000,101.199997,99.000000,99.195000
1/26/2022,5:01:00 AM,98.824997,101.370003,98.555000,99.614998
1/26/2022,5:02:00 AM,95.394997,97.425003,95.065002,95.955002
1/26/2022,5:03:00 AM,97.500000,97.500000,89.820000,90.169998
1/26/2022,5:04:00 AM,89.800003,92.739998,89.550003,90.669998
1/26/2022,5:05:00 AM,90.500000,90.500000,84.264999,86.139999
1/26/2022,5:06:00 AM,87.500000,89.550003,86.400002,88.480003
1/26/2022,5:07:00 AM,87.294998,87.385002,83.570000,83.809998
1/26/2022,5:08:00 AM,84.000000,85.595001,82.699997,84.129997
1/26/2022,5:09:00 AM,85.000000,86.474998,84.464996,85.285004
1/26/2022,5:10:00 AM,87.050003,87.885002,86.305000,86.785004
1/26/2022,5:11:00 AM,86.599998,88.440002,86.040001,87.889999
1/26/2022,5:12:00 AM,87.000000,88.879997,86.849998,88.160004
1/26/2022,5:13:00 AM,88.150002,89.449997,86.330002,86.705002
1/26/2022,5:14:00 AM,86.695000,87.500000,85.910004,87.285004
1/26/2022,5:15:00 AM,86.849998,87.120003,84.330002,85.455002
1/26/2022,5:16:00 AM,86.199997,87.919998,85.779999,86.014999
1/26/2022,5:17:00 AM,85.845001,86.110001,83.805000,85.815002
1/26/2022,5:18:00 AM,86.699997,90.654999,85.849998,90.000000
1/26/2022,5:19:00 AM,91.790001,91.790001,88.050003,88.589996
1/26/2022,5:20:00 AM,88.519997,92.900002,87.504997,91.275002
1/26/2022,5:21:00 AM,90.489998,91.595001,89.360001,90.209999
1/26/2022,5:22:00 AM,90.595001,91.419998,90.065002,90.485001
1/26/2022,5:23:00 AM,91.000000,91.099998,89.500000,90.800003
1/26/2022,5:24:00 AM,90.500000,91.029999,87.750000,88.379997
1/26/2022,5:25:00 AM,89.699997,90.800003,89.224998,90.430000
1/26/2022,5:26:00 AM,90.099998,92.190002,90.099998,91.945000
1/26/2022,5:27:00 AM,93.595001,93.800003,92.519997,92.845001
1/26/2022,5:28:00 AM,93.000000,93.885002,92.449997,93.430000
1/26/2022,5:29:00 AM,94.250000,94.400002,93.199997,93.605003
1/26/2022,5:30:00 AM,93.500000,96.485001,93.360001,96.070000
1/26/2022,5:31:00 AM,97.199997,97.669998,94.605003,94.949997
1/26/2022,5:32:00 AM,95.099998,96.154999,94.360001,95.940002
1/26/2022,5:33:00 AM,98.099998,102.000000,97.150002,100.349998
1/26/2022,5:34:00 AM,103.000000,109.300003,102.150002,107.599998
1/26/2022,5:35:00 AM,110.500000,111.449997,106.150002,108.250000
1/26/2022,5:36:00 AM,108.000000,108.000000,105.349998,107.000000
1/26/2022,5:37:00 AM,107.000000,108.449997,106.000000,107.050003
1/26/2022,5:38:00 AM,107.500000,109.500000,106.050003,107.699997
1/26/2022,5:39:00 AM,107.650002,109.250000,107.099998,107.349998
1/26/2022,5:40:00 AM,107.849998,108.150002,106.699997,107.199997
1/26/2022,5:41:00 AM,107.900002,109.900002,106.500000,109.199997
1/26/2022,5:42:00 AM,110.300003,110.650002,108.599998,109.099998
1/26/2022,5:43:00 AM,109.349998,112.900002,108.800003,112.650002
1/26/2022,5:44:00 AM,113.699997,113.699997,111.099998,113.000000
1/26/2022,5:45:00 AM,113.500000,113.500000,112.250000,112.500000
1/26/2022,5:46:00 AM,112.500000,113.000000,111.400002,112.550003
1/26/2022,5:47:00 AM,112.550003,112.900002,109.550003,110.050003
1/26/2022,5:48:00 AM,109.500000,109.599998,104.699997,105.050003
1/26/2022,5:49:00 AM,104.199997,108.250000,103.500000,107.599998
1/26/2022,5:50:00 AM,107.550003,108.150002,105.750000,106.550003
1/26/2022,5:51:00 AM,107.050003,107.900002,105.750000,106.250000
1/26/2022,5:52:00 AM,107.250000,109.199997,107.099998,107.349998
1/26/2022,5:53:00 AM,104.050003,105.650002,103.250000,104.849998
1/26/2022,5:54:00 AM,106.500000,108.500000,106.050003,108.300003
1/26/2022,5:55:00 AM,107.000000,107.750000,105.900002,106.400002
1/26/2022,5:56:00 AM,107.000000,107.000000,105.000000,105.500000
1/26/2022,5:57:00 AM,106.050003,107.300003,105.800003,106.900002
1/26/2022,5:58:00 AM,107.400002,108.800003,106.050003,108.599998
1/26/2022,5:59:00 AM,107.550003,108.900002,107.099998,107.599998
1/26/2022,6:00:00 AM,108.400002,108.400002,105.349998,105.849998
1/26/2022,6:01:00 AM,107.000000,107.349998,105.500000,105.699997
1/26/2022,6:02:00 AM,106.800003,107.949997,106.500000,107.750000
1/26/2022,6:03:00 AM,108.000000,108.699997,107.550003,107.750000
1/26/2022,6:04:00 AM,106.300003,110.400002,105.800003,109.150002
1/26/2022,6:05:00 AM,108.650002,109.000000,106.500000,107.000000
1/26/2022,6:06:00 AM,106.199997,107.500000,105.000000,105.699997
1/26/2022,6:07:00 AM,106.199997,106.199997,103.000000,103.099998
1/26/2022,6:08:00 AM,104.199997,106.349998,104.000000,105.800003
1/26/2022,6:09:00 AM,105.800003,107.199997,104.300003,104.449997
1/26/2022,6:10:00 AM,104.449997,105.300003,103.500000,103.599998
1/26/2022,6:11:00 AM,106.199997,107.900002,103.750000,104.300003
1/26/2022,6:12:00 AM,104.400002,104.449997,98.500000,99.849998
1/26/2022,6:13:00 AM,101.349998,101.349998,96.500000,97.650002
1/26/2022,6:14:00 AM,96.550003,97.849998,95.000000,95.199997
1/26/2022,6:15:00 AM,97.000000,98.250000,96.400002,96.849998
1/26/2022,6:16:00 AM,96.849998,100.400002,95.699997,99.300003
1/26/2022,6:17:00 AM,99.599998,99.650002,98.000000,98.349998
1/26/2022,6:18:00 AM,100.300003,101.500000,100.000000,101.150002
1/26/2022,6:19:00 AM,102.000000,103.800003,101.750000,103.550003
1/26/2022,6:20:00 AM,103.300003,103.500000,101.900002,103.300003
1/26/2022,6:21:00 AM,102.000000,103.500000,101.150002,103.199997
1/26/2022,6:22:00 AM,103.550003,103.650002,99.800003,100.349998
1/26/2022,6:23:00 AM,100.349998,101.199997,99.000000,100.550003
1/26/2022,6:24:00 AM,101.099998,101.800003,98.800003,100.099998
1/26/2022,6:25:00 AM,101.849998,102.800003,99.900002,100.099998
1/26/2022,6:26:00 AM,99.750000,100.400002,98.099998,99.550003
1/26/2022,6:27:00 AM,100.300003,101.000000,99.800003,100.650002
1/26/2022,6:28:00 AM,100.599998,101.250000,99.699997,100.050003
1/26/2022,6:29:00 AM,99.500000,101.199997,98.800003,100.900002
1/26/2022,6:30:00 AM,100.849998,101.449997,99.349998,100.199997
1/26/2022,6:31:00 AM,102.000000,102.099998,101.000000,101.199997
1/26/2022,6:32:00 AM,101.150002,102.500000,100.699997,101.199997
1/26/2022,6:33:00 AM,102.250000,104.650002,102.050003,104.199997
1/26/2022,6:34:00 AM,104.099998,104.599998,100.800003,101.599998
1/26/2022,6:35:00 AM,101.900002,102.150002,100.300003,101.550003
1/26/2022,6:36:00 AM,98.550003,101.449997,98.550003,101.199997
1/26/2022,6:37:00 AM,101.000000,103.000000,100.800003,101.250000
1/26/2022,6:38:00 AM,100.750000,102.449997,100.000000,102.000000
1/26/2022,6:39:00 AM,102.500000,105.000000,102.199997,104.750000
1/26/2022,6:40:00 AM,105.900002,107.449997,104.599998,106.699997
1/26/2022,6:41:00 AM,107.250000,107.550003,105.550003,106.099998
1/26/2022,6:42:00 AM,105.199997,106.000000,104.449997,104.699997
1/26/2022,6:43:00 AM,106.250000,108.199997,106.250000,107.550003
1/26/2022,6:44:00 AM,108.500000,110.000000,108.250000,108.699997
1/26/2022,6:45:00 AM,109.000000,109.349998,107.199997,108.550003
1/26/2022,6:46:00 AM,108.449997,108.800003,105.199997,106.550003
1/26/2022,6:47:00 AM,105.900002,106.800003,104.500000,105.849998
1/26/2022,6:48:00 AM,105.849998,106.300003,104.699997,105.500000
1/26/2022,6:49:00 AM,107.699997,107.699997,103.849998,104.250000
1/26/2022,6:50:00 AM,104.400002,105.400002,103.550003,105.199997
1/26/2022,6:51:00 AM,105.699997,106.000000,104.949997,105.449997
1/26/2022,6:52:00 AM,105.849998,105.949997,104.599998,105.500000
1/26/2022,6:53:00 AM,105.599998,106.500000,105.099998,106.199997
1/26/2022,6:54:00 AM,106.000000,106.400002,104.500000,104.900002
1/26/2022,6:55:00 AM,105.000000,107.650002,104.949997,106.099998
1/26/2022,6:56:00 AM,106.099998,107.949997,105.900002,107.650002
1/26/2022,6:57:00 AM,108.699997,111.300003,108.000000,110.750000
1/26/2022,6:58:00 AM,110.800003,112.500000,110.150002,112.000000
1/26/2022,6:59:00 AM,113.300003,116.099998,112.650002,115.849998
1/26/2022,7:00:00 AM,115.349998,115.349998,112.250000,112.949997
1/26/2022,7:01:00 AM,113.400002,113.500000,110.849998,111.199997
1/26/2022,7:02:00 AM,111.750000,113.000000,110.800003,111.849998
1/26/2022,7:03:00 AM,112.800003,113.750000,109.699997,110.449997
1/26/2022,7:04:00 AM,110.199997,112.099998,108.699997,111.699997
1/26/2022,7:05:00 AM,112.550003,112.849998,110.800003,111.199997
1/26/2022,7:06:00 AM,111.599998,113.199997,111.099998,113.050003
1/26/2022,7:07:00 AM,112.650002,113.449997,110.699997,110.949997
1/26/2022,7:08:00 AM,110.349998,112.099998,109.449997,111.050003
1/26/2022,7:09:00 AM,111.050003,112.099998,110.800003,111.800003
1/26/2022,7:10:00 AM,111.150002,111.500000,109.000000,110.949997
1/26/2022,7:11:00 AM,111.800003,112.000000,108.699997,109.400002
1/26/2022,7:12:00 AM,110.000000,110.599998,106.349998,107.650002
1/26/2022,7:13:00 AM,106.000000,106.750000,101.949997,102.250000
1/26/2022,7:14:00 AM,102.800003,105.550003,101.650002,105.000000
1/26/2022,7:15:00 AM,106.650002,111.550003,105.849998,111.150002
1/26/2022,7:16:00 AM,111.050003,112.300003,109.699997,110.000000
1/26/2022,7:17:00 AM,109.000000,112.000000,108.849998,111.750000
1/26/2022,7:18:00 AM,112.900002,114.750000,112.099998,112.650002
1/26/2022,7:19:00 AM,114.400002,119.699997,113.750000,119.250000
1/26/2022,7:20:00 AM,119.800003,120.500000,117.750000,118.449997
1/26/2022,7:21:00 AM,118.750000,119.050003,115.349998,115.750000
1/26/2022,7:22:00 AM,116.500000,117.000000,114.500000,116.550003
1/26/2022,7:23:00 AM,117.000000,117.849998,115.250000,115.650002
1/26/2022,7:24:00 AM,116.900002,118.099998,116.550003,117.550003
1/26/2022,7:25:00 AM,117.650002,119.750000,117.550003,118.849998
1/26/2022,7:26:00 AM,119.449997,120.349998,118.000000,118.849998
1/26/2022,7:27:00 AM,118.949997,119.250000,117.599998,118.099998