1/25/2022,10:52:00 AM,612.500000,615.500000,608.200012,610.250000
1/25/2022,10:53:00 AM,610.150024,613.500000,599.000000,601.400024
1/25/2022,10:54:00 AM,601.049988,610.599976,597.049988,607.150024
1/25/2022,10:55:00 AM,608.099976,612.950012,598.250000,603.650024
1/25/2022,10:56:00 AM,603.650024,605.099976,600.150024,602.750000
1/25/2022,10:57:00 AM,604.400024,605.000000,593.099976,601.150024
1/25/2022,10:58:00 AM,602.500000,625.000000,600.299988,622.349976
1/25/2022,10:59:00 AM,621.950012,623.750000,612.900024,618.299988
1/25/2022,11:00:00 AM,618.150024,631.000000,613.700012,621.400024
1/25/2022,11:01:00 AM,624.950012,628.400024,611.099976,615.000000
1/25/2022,11:02:00 AM,613.000000,613.099976,603.200012,605.950012
1/25/2022,11:03:00 AM,608.000000,608.500000,590.000000,592.150024
1/25/2022,11:04:00 AM,591.900024,597.000000,580.200012,587.049988
1/25/2022,11:05:00 AM,586.000000,593.900024,575.099976,581.150024
1/25/2022,11:06:00 AM,576.000000,582.099976,571.200012,580.099976
1/25/2022,11:07:00 AM,561.000000,572.000000,558.049988,564.250000
1/25/2022,11:08:00 AM,578.500000,579.900024,554.200012,569.250000
1/25/2022,11:09:00 AM,584.000000,617.150024,580.150024,612.650024
1/25/2022,11:10:00 AM,595.000000,626.000000,595.000000,621.400024
1/25/2022,11:11:00 AM,629.349976,635.000000,618.849976,621.650024
1/25/2022,11:12:00 AM,622.099976,630.299988,611.500000,616.150024
1/25/2022,11:13:00 AM,613.250000,621.450012,602.950012,605.849976
1/25/2022,11:14:00 AM,611.299988,613.950012,605.500000,611.099976
1/25/2022,11:15:00 AM,612.000000,612.150024,594.349976,600.400024
1/25/2022,11:16:00 AM,603.450012,606.099976,592.000000,603.450012
1/25/2022,11:17:00 AM,607.000000,607.750000,589.250000,597.250000
1/25/2022,11:18:00 AM,595.000000,597.250000,586.599976,589.650024
1/25/2022,11:19:00 AM,591.799988,605.000000,590.000000,595.650024
1/25/2022,11:20:00 AM,596.250000,598.299988,588.750000,590.099976
1/25/2022,11:21:00 AM,591.700012,598.900024,583.099976,586.500000
1/25/2022,11:22:00 AM,590.000000,596.599976,587.099976,589.650024
1/25/2022,11:23:00 AM,593.900024,593.900024,580.400024,581.700012
1/25/2022,11:24:00 AM,582.099976,585.000000,578.049988,579.250000
1/25/2022,11:25:00 AM,581.599976,589.400024,580.049988,584.099976
1/25/2022,11:26:00 AM,587.450012,589.099976,578.200012,580.200012
1/25/2022,11:27:00 AM,584.000000,584.000000,574.000000,578.000000
1/25/2022,11:28:00 AM,579.950012,585.200012,568.049988,571.049988
1/25/2022,11:29:00 AM,575.049988,582.200012,563.549988,580.650024
1/25/2022,11:30:00 AM,579.000000,582.900024,575.150024,578.750000
1/25/2022,11:31:00 AM,578.349976,583.799988,571.650024,577.900024
1/25/2022,11:32:00 AM,578.000000,579.599976,569.000000,571.150024
1/25/2022,11:33:00 AM,570.099976,574.000000,557.049988,559.400024
1/25/2022,11:34:00 AM,563.650024,566.900024,555.400024,559.750000
1/25/2022,11:35:00 AM,555.099976,561.849976,522.900024,552.900024
1/25/2022,11:36:00 AM,558.500000,567.450012,546.400024,551.049988
1/25/2022,11:37:00 AM,551.900024,555.000000,538.150024,540.750000
1/25/2022,11:38:00 AM,539.000000,540.700012,534.000000,538.400024
1/25/2022,11:39:00 AM,538.150024,544.599976,532.950012,541.799988
1/25/2022,11:40:00 AM,541.000000,549.000000,541.000000,545.049988
1/25/2022,11:41:00 AM,544.000000,548.799988,534.000000,545.450012
1/25/2022,11:42:00 AM,548.000000,578.950012,545.900024,576.250000
1/25/2022,11:43:00 AM,572.000000,578.349976,568.799988,570.299988
1/25/2022,11:44:00 AM,572.349976,575.450012,564.500000,569.799988
1/25/2022,11:45:00 AM,574.000000,578.549988,558.349976,560.349976
1/25/2022,11:46:00 AM,560.299988,571.000000,557.250000,558.950012
1/25/2022,11:47:00 AM,565.900024,565.900024,555.500000,556.750000
1/25/2022,11:48:00 AM,558.000000,567.000000,556.599976,558.150024
1/25/2022,11:49:00 AM,560.700012,564.000000,558.500000,561.500000
1/25/2022,11:50:00 AM,562.900024,562.950012,554.799988,556.150024
1/25/2022,11:51:00 AM,557.549988,561.150024,552.549988,555.500000
1/25/2022,11:52:00 AM,553.049988,587.799988,553.049988,584.950012
1/25/2022,11:53:00 AM,585.549988,588.349976,575.700012,579.950012
1/25/2022,11:54:00 AM,582.000000,597.000000,582.000000,584.599976
1/25/2022,11:55:00 AM,584.250000,592.000000,583.049988,584.400024
1/25/2022,11:56:00 AM,582.349976,593.400024,581.500000,589.049988
1/25/2022,11:57:00 AM,576.000000,601.750000,576.000000,600.150024
1/25/2022,11:58:00 AM,601.000000,604.900024,595.099976,601.900024
1/25/2022,11:59:00 AM,600.500000,600.500000,586.200012,593.049988
1/25/2022,12:00:00 PM,591.000000,602.900024,590.549988,599.950012
1/25/2022,12:01:00 PM,602.000000,607.000000,593.000000,599.849976
1/25/2022,12:02:00 PM,602.200012,609.000000,602.000000,607.400024
1/25/2022,12:03:00 PM,610.000000,621.900024,608.950012,612.000000
1/25/2022,12:04:00 PM,613.000000,613.099976,597.000000,609.299988
1/25/2022,12:05:00 PM,612.099976,612.450012,595.500000,597.000000
1/25/2022,12:06:00 PM,598.599976,600.099976,585.000000,591.049988
1/25/2022,12:07:00 PM,592.400024,601.950012,586.549988,590.650024
1/25/2022,12:08:00 PM,591.400024,596.000000,585.549988,588.000000
1/25/2022,12:09:00 PM,594.000000,594.599976,572.500000,575.500000
1/25/2022,12:10:00 PM,577.049988,580.750000,565.099976,573.700012
1/25/2022,12:11:00 PM,575.000000,580.500000,570.849976,578.500000
1/25/2022,12:12:00 PM,579.799988,593.000000,573.099976,575.799988
1/25/2022,12:13:00 PM,575.000000,575.000000,546.000000,559.900024
1/25/2022,12:14:00 PM,557.900024,560.000000,538.799988,553.750000
1/25/2022,12:15:00 PM,555.000000,556.000000,530.000000,533.049988
1/25/2022,12:16:00 PM,531.650024,536.799988,516.000000,520.450012
1/25/2022,12:17:00 PM,524.799988,531.099976,507.200012,524.000000
1/25/2022,12:18:00 PM,515.000000,564.900024,515.000000,532.400024
1/25/2022,12:19:00 PM,536.500000,544.549988,530.000000,533.500000
1/25/2022,12:20:00 PM,538.849976,538.849976,527.500000,536.650024
1/25/2022,12:21:00 PM,534.000000,548.299988,534.000000,539.500000
1/25/2022,12:22:00 PM,539.099976,542.599976,527.700012,530.599976
1/25/2022,12:23:00 PM,529.099976,529.099976,519.549988,525.599976
1/25/2022,12:24:00 PM,528.599976,533.650024,521.049988,524.799988
1/25/2022,12:25:00 PM,526.950012,530.750000,521.049988,524.500000
1/25/2022,12:26:00 PM,527.500000,529.000000,517.150024,520.700012
1/25/2022,12:27:00 PM,520.299988,544.750000,517.700012,542.099976
1/25/2022,12:28:00 PM,542.099976,548.000000,533.400024,538.450012
1/25/2022,12:29:00 PM,541.950012,542.549988,537.200012,540.700012
1/25/2022,12:30:00 PM,541.799988,562.000000,538.750000,559.650024
1/25/2022,12:31:00 PM,560.000000,570.000000,559.000000,560.799988
1/25/2022,12:32:00 PM,561.900024,573.000000,561.000000,567.099976
1/25/2022,12:33:00 PM,569.950012,593.500000,569.950012,582.099976
1/25/2022,12:34:00 PM,588.950012,592.900024,583.500000,588.049988
1/25/2022,12:35:00 PM,590.000000,614.549988,589.799988,611.599976
1/25/2022,12:36:00 PM,612.000000,618.799988,600.299988,606.500000
1/25/2022,12:37:00 PM,606.250000,610.450012,598.200012,601.849976
1/25/2022,12:38:00 PM,613.000000,622.750000,600.349976,602.849976
1/25/2022,12:39:00 PM,608.799988,609.700012,602.000000,603.500000
1/25/2022,12:40:00 PM,604.000000,618.049988,595.250000,615.750000
1/25/2022,12:41:00 PM,615.099976,622.549988,608.000000,611.400024
1/25/2022,12:42:00 PM,606.000000,608.700012,597.250000,599.500000
1/25/2022,12:43:00 PM,602.500000,606.950012,593.000000,602.299988
1/25/2022,12:44:00 PM,604.500000,609.900024,596.000000,600.900024
1/25/2022,12:45:00 PM,601.500000,619.900024,599.900024,616.650024
1/25/2022,12:46:00 PM,620.000000,620.000000,611.000000,617.000000
1/25/2022,12:47:00 PM,617.000000,644.650024,608.049988,640.400024
1/25/2022,12:48:00 PM,644.950012,648.000000,623.799988,628.900024
1/25/2022,12:49:00 PM,632.000000,637.000000,623.099976,626.549988
1/25/2022,12:50:00 PM,624.900024,631.000000,610.400024,612.500000
1/25/2022,12:51:00 PM,616.849976,625.000000,615.000000,622.900024
1/25/2022,12:52:00 PM,626.599976,633.900024,620.150024,632.049988
1/25/2022,12:53:00 PM,626.299988,630.500000,621.299988,625.299988
1/25/2022,12:54:00 PM,629.400024,636.700012,622.700012,633.349976
1/25/2022,12:55:00 PM,634.000000,634.000000,624.200012,626.700012
1/25/2022,12:56:00 PM,629.400024,636.000000,611.150024,620.950012
1/25/2022,12:57:00 PM,621.900024,639.599976,620.099976,637.450012
1/25/2022,12:58:00 PM,640.000000,644.000000,625.099976,627.400024
1/25/2022,12:59:00 PM,629.799988,632.099976,606.150024,610.099976
1/25/2022,1:00:00 PM,614.950012,630.000000,602.150024,625.799988
1/25/2022,1:01:00 PM,623.150024,637.299988,617.250000,634.099976
1/25/2022,1:02:00 PM,633.950012,633.950012,624.500000,627.349976
1/25/2022,1:03:00 PM,629.000000,631.000000,613.450012,623.900024
1/25/2022,1:04:00 PM,619.000000,631.250000,617.450012,627.849976
1/25/2022,1:05:00 PM,627.750000,641.900024,625.900024,636.200012
1/25/2022,1:06:00 PM,633.000000,636.250000,628.000000,634.299988
1/25/2022,1:07:00 PM,636.950012,647.000000,628.099976,641.349976
1/25/2022,1:08:00 PM,641.000000,641.549988,635.000000,639.150024
1/25/2022,1:09:00 PM,635.000000,651.900024,633.049988,638.500000
1/25/2022,1:10:00 PM,640.950012,647.599976,639.000000,641.049988
1/25/2022,1:11:00 PM,647.000000,648.799988,635.299988,637.950012
1/25/2022,1:12:00 PM,642.900024,642.900024,627.099976,629.450012
1/25/2022,1:13:00 PM,629.000000,645.450012,623.599976,632.549988
1/25/2022,1:14:00 PM,649.000000,662.500000,616.700012,619.150024
1/25/2022,1:15:00 PM,624.950012,628.500000,614.500000,621.049988
1/25/2022,1:16:00 PM,622.000000,631.549988,619.200012,628.299988
1/25/2022,1:17:00 PM,629.099976,647.000000,624.000000,642.750000
1/25/2022,1:18:00 PM,644.700012,660.000000,634.250000,648.349976
1/25/2022,1:19:00 PM,650.049988,655.500000,643.700012,646.900024
1/25/2022,1:20:00 PM,649.900024,653.500000,642.400024,643.849976
1/25/2022,1:21:00 PM,647.900024,654.450012,644.000000,650.250000
1/25/2022,1:22:00 PM,653.450012,665.000000,652.700012,657.950012
1/25/2022,1:23:00 PM,658.000000,658.000000,645.000000,651.200012
1/25/2022,1:24:00 PM,653.000000,662.500000,648.200012,659.599976
1/25/2022,1:25:00 PM,662.000000,677.500000,644.650024,648.299988
1/25/2022,1:26:00 PM,650.000000,653.650024,640.000000,643.500000
1/25/2022,1:27:00 PM,645.000000,651.900024,640.500000,649.450012
1/25/2022,1:28:00 PM,649.549988,664.000000,649.549988,662.150024
1/25/2022,1:29:00 PM,665.500000,671.200012,646.599976,649.099976
1/25/2022,1:30:00 PM,649.799988,655.000000,638.400024,643.900024
1/25/2022,1:31:00 PM,645.049988,650.900024,637.200012,646.549988
1/25/2022,1:32:00 PM,651.000000,664.700012,647.000000,662.099976
1/25/2022,1:33:00 PM,663.849976,669.500000,656.299988,664.750000
1/25/2022,1:34:00 PM,665.000000,678.000000,664.000000,668.049988
1/25/2022,1:35:00 PM,670.099976,675.000000,650.599976,654.900024
1/25/2022,1:36:00 PM,654.900024,662.000000,643.250000,656.450012
1/25/2022,1:37:00 PM,664.000000,670.000000,659.049988,666.400024
1/25/2022,1:38:00 PM,673.000000,673.000000,660.400024,664.900024
1/25/2022,1:39:00 PM,665.000000,673.000000,660.599976,663.700012
1/25/2022,1:40:00 PM,668.000000,678.450012,645.750000,660.599976
1/25/2022,1:41:00 PM,668.000000,671.549988,638.400024,653.200012
1/25/2022,1:42:00 PM,662.000000,668.950012,640.799988,645.599976
1/25/2022,1:43:00 PM,644.000000,665.799988,643.000000,661.750000
1/25/2022,1:44:00 PM,664.450012,675.250000,656.000000,672.799988
1/25/2022,1:45:00 PM,675.000000,677.000000,655.950012,659.349976
1/25/2022,1:46:00 PM,659.349976,663.000000,647.200012,654.049988
1/25/2022,1:47:00 PM,653.049988,659.000000,643.500000,654.150024
1/25/2022,1:48:00 PM,650.000000,663.950012,650.000000,654.549988
1/25/2022,1:49:00 PM,650.099976,654.650024,632.099976,638.400024
1/25/2022,1:50:00 PM,635.299988,649.549988,631.000000,636.650024
1/25/2022,1:51:00 PM,636.599976,642.650024,628.450012,638.799988
1/25/2022,1:52:00 PM,639.500000,643.099976,625.250000,639.349976
1/25/2022,1:53:00 PM,639.349976,651.000000,633.299988,639.599976
1/25/2022,1:54:00 PM,627.500000,633.799988,613.049988,616.200012
1/25/2022,1:55:00 PM,620.000000,627.200012,612.599976,622.900024
1/25/2022,1:56:00 PM,623.000000,649.799988,618.049988,647.849976
1/25/2022,1:57:00 PM,647.849976,651.650024,637.349976,639.750000
1/25/2022,1:58:00 PM,644.900024,646.000000,637.000000,640.450012
1/25/2022,1:59:00 PM,640.299988,645.549988,626.099976,633.799988
1/25/2022,2:00:00 PM,635.200012,640.650024,626.849976,629.650024
1/25/2022,2:01:00 PM,628.799988,632.000000,616.000000,622.349976
1/25/2022,2:02:00 PM,625.500000,635.000000,615.599976,621.299988
1/25/2022,2:03:00 PM,618.549988,624.000000,605.150024,609.000000
1/25/2022,2:04:00 PM,609.200012,612.349976,598.650024,603.700012
1/25/2022,2:05:00 PM,602.349976,638.200012,601.450012,635.150024
1/25/2022,2:06:00 PM,636.000000,636.700012,608.099976,610.349976
1/25/2022,2:07:00 PM,612.000000,631.750000,606.299988,629.250000
1/25/2022,2:08:00 PM,630.000000,631.950012,614.000000,615.400024
1/25/2022,2:09:00 PM,619.950012,619.950012,605.500000,607.099976
1/25/2022,2:10:00 PM,607.400024,617.500000,557.099976,563.049988
1/25/2022,2:11:00 PM,555.000000,555.000000,527.349976,530.799988
1/25/2022,2:12:00 PM,536.000000,536.000000,532.099976,533.349976
1/25/2022,2:13:00 PM,535.500000,535.799988,524.000000,526.950012
1/25/2022,2:14:00 PM,530.000000,541.900024,529.049988,531.849976
1/25/2022,2:15:00 PM,534.000000,534.000000,526.500000,528.099976
1/25/2022,2:16:00 PM,530.599976,532.599976,517.000000,519.549988
1/25/2022,2:17:00 PM,521.900024,525.000000,514.450012,519.150024
1/25/2022,2:18:00 PM,521.700012,534.000000,521.099976,530.599976
1/25/2022,2:19:00 PM,535.000000,536.000000,523.950012,528.250000
1/25/2022,2:20:00 PM,528.000000,529.849976,518.650024,520.700012
1/25/2022,2:21:00 PM,522.799988,528.049988,521.299988,522.150024
1/25/2022,2:22:00 PM,523.000000,525.000000,511.750000,517.950012
1/25/2022,2:23:00 PM,520.000000,523.750000,512.799988,522.099976
1/25/2022,2:24:00 PM,526.000000,526.950012,513.049988,517.650024
1/25/2022,2:25:00 PM,519.200012,523.950012,513.599976,515.299988
1/25/2022,2:26:00 PM,518.000000,526.400024,516.000000,524.700012
1/25/2022,2:27:00 PM,528.000000,542.000000,527.000000,540.849976
1/25/2022,2:28:00 PM,542.000000,545.400024,534.099976,535.799988
1/25/2022,2:29:00 PM,536.000000,549.000000,535.049988,546.450012
1/25/2022,2:30:00 PM,546.000000,548.900024,525.299988,528.450012
1/25/2022,2:31:00 PM,528.000000,528.000000,511.000000,515.299988
1/25/2022,2:32:00 PM,520.000000,530.650024,512.000000,513.599976
1/25/2022,2:33:00 PM,509.899994,514.849976,503.100006,512.549988
1/25/2022,2:34:00 PM,503.000000,523.950012,503.000000,518.700012
1/25/2022,2:35:00 PM,522.900024,534.299988,521.099976,531.299988
1/25/2022,2:36:00 PM,532.000000,533.799988,519.200012,527.000000
1/25/2022,2:37:00 PM,528.349976,533.799988,516.650024,521.750000
1/25/2022,2:38:00 PM,524.000000,529.349976,520.700012,523.650024
1/25/2022,2:39:00 PM,524.000000,527.000000,520.049988,522.900024
1/25/2022,2:40:00 PM,524.000000,528.599976,522.549988,524.750000
1/25/2022,2:41:00 PM,523.700012,526.000000,515.400024,520.250000
1/25/2022,2:42:00 PM,521.000000,523.950012,514.299988,516.650024
1/25/2022,2:43:00 PM,518.799988,520.799988,513.000000,518.799988
1/25/2022,2:44:00 PM,515.599976,519.000000,507.299988,514.299988
1/25/2022,2:45:00 PM,518.900024,521.000000,514.000000,517.900024
1/25/2022,2:46:00 PM,514.299988,525.349976,514.299988,522.000000
1/25/2022,2:47:00 PM,522.000000,526.000000,517.200012,519.500000
1/25/2022,2:48:00 PM,520.000000,524.000000,518.650024,523.049988
1/25/2022,2:49:00 PM,521.900024,522.500000,513.150024,514.549988
1/25/2022,2:50:00 PM,516.500000,520.500000,511.200012,512.400024
1/25/2022,2:51:00 PM,513.000000,514.900024,508.049988,512.799988
1/25/2022,2:52:00 PM,516.000000,517.750000,510.299988,514.049988
1/25/2022,2:53:00 PM,516.000000,517.200012,511.250000,513.650024
1/25/2022,2:54:00 PM,515.549988,516.750000,507.500000,510.100006
1/25/2022,2:55:00 PM,509.000000,514.900024,509.000000,513.250000
1/25/2022,2:56:00 PM,513.400024,519.000000,508.250000,510.200012
1/25/2022,2:57:00 PM,510.200012,514.000000,505.600006,511.950012
1/25/2022,2:58:00 PM,514.500000,515.349976,509.500000,514.950012
1/25/2022,2:59:00 PM,515.000000,515.950012,509.000000,511.500000
1/25/2022,3:00:00 PM,512.500000,514.950012,507.600006,509.600006
1/25/2022,3:01:00 PM,510.200012,513.000000,507.299988,509.399994
1/25/2022,3:02:00 PM,510.000000,514.200012,508.200012,509.250000
1/25/2022,3:03:00 PM,510.000000,511.399994,502.450012,507.100006
1/25/2022,3:04:00 PM,510.000000,511.700012,507.100006,509.299988
1/25/2022,3:05:00 PM,510.000000,510.700012,496.100006,500.700012
1/25/2022,3:06:00 PM,502.100006,508.600006,501.350006,507.649994
1/25/2022,3:07:00 PM,509.000000,509.000000,489.100006,492.149994
1/25/2022,3:08:00 PM,489.100006,507.549988,483.750000,505.049988
1/25/2022,3:09:00 PM,504.950012,507.100006,497.700012,505.799988
1/25/2022,3:10:00 PM,506.000000,519.849976,504.250000,517.299988
1/25/2022,3:11:00 PM,517.650024,522.549988,512.500000,521.349976
1/25/2022,3:12:00 PM,521.000000,521.000000,506.200012,509.600006
1/25/2022,3:13:00 PM,506.549988,514.000000,501.200012,508.000000
1/25/2022,3:14:00 PM,510.500000,546.700012,504.100006,534.950012
1/25/2022,3:15:00 PM,537.099976,546.599976,528.150024,532.900024
1/25/2022,3:16:00 PM,532.849976,543.700012,531.200012,534.250000
1/25/2022,3:17:00 PM,538.700012,545.900024,535.849976,543.299988
1/25/2022,3:18:00 PM,540.049988,545.700012,536.099976,543.299988
1/25/2022,3:19:00 PM,542.900024,556.000000,537.400024,542.900024
1/25/2022,3:20:00 PM,540.000000,551.400024,528.500000,540.549988
1/25/2022,3:21:00 PM,542.000000,545.049988,532.299988,541.150024
1/25/2022,3:22:00 PM,544.799988,545.000000,536.750000,539.650024
1/25/2022,3:23:00 PM,540.200012,543.200012,538.650024,541.099976
1/25/2022,3:24:00 PM,542.849976,547.900024,540.500000,545.500000
1/25/2022,3:25:00 PM,543.799988,546.099976,539.099976,541.299988
1/25/2022,3:26:00 PM,541.500000,550.849976,541.000000,548.299988
1/25/2022,3:27:00 PM,545.099976,553.650024,538.049988,550.400024
1/25/2022,3:28:00 PM,551.000000,555.349976,544.250000,551.900024
1/25/2022,3:29:00 PM,555.000000,558.299988,546.000000,554.549988
1/25/2022,3:30:00 PM,555.000000,555.299988,547.400024,551.549988
1/25/2022,3:31:00 PM,550.000000,551.500000,546.549988,548.650024
1/25/2022,3:32:00 PM,551.000000,552.000000,541.950012,547.549988
1/25/2022,3:33:00 PM,547.650024,550.000000,539.650024,541.349976
1/25/2022,3:34:00 PM,541.000000,543.400024,538.250000,539.950012
1/25/2022,3:35:00 PM,542.000000,542.000000,535.500000,540.099976
1/25/2022,3:36:00 PM,541.900024,543.650024,537.299988,538.750000
1/25/2022,3:37:00 PM,542.000000,542.500000,531.000000,532.799988
1/25/2022,3:38:00 PM,532.049988,534.099976,530.500000,532.750000
1/25/2022,3:39:00 PM,534.099976,535.400024,528.950012,532.599976
1/25/2022,3:40:00 PM,533.049988,535.799988,529.000000,534.500000
1/25/2022,3:41:00 PM,537.150024,537.700012,530.200012,533.650024
1/25/2022,3:42:00 PM,532.000000,534.799988,531.099976,533.250000
1/25/2022,3:43:00 PM,534.900024,539.000000,523.599976,526.799988
1/25/2022,3:44:00 PM,525.599976,528.700012,516.200012,526.849976
1/25/2022,3:45:00 PM,528.500000,532.500000,525.700012,529.299988
1/25/2022,3:46:00 PM,531.400024,533.599976,524.049988,525.500000
1/25/2022,3:47:00 PM,525.299988,527.349976,522.299988,525.599976
1/25/2022,3:48:00 PM,516.299988,528.750000,516.299988,525.650024
1/25/2022,3:49:00 PM,529.950012,529.950012,521.150024,522.650024
1/25/2022,3:50:00 PM,523.000000,524.799988,519.099976,520.450012
1/25/2022,3:51:00 PM,519.000000,522.000000,517.500000,521.000000
1/25/2022,3:52:00 PM,531.400024,541.000000,526.000000,532.099976
1/25/2022,3:53:00 PM,536.500000,536.900024,522.700012,525.400024
1/25/2022,3:54:00 PM,526.250000,534.500000,525.400024,532.000000
1/25/2022,3:55:00 PM,531.549988,551.750000,530.799988,546.450012
1/25/2022,3:56:00 PM,546.349976,554.700012,542.000000,544.849976
1/25/2022,3:57:00 PM,547.950012,556.700012,545.299988,554.849976
1/25/2022,3:58:00 PM,555.000000,569.200012,552.000000,566.299988
1/25/2022,3:59:00 PM,570.000000,571.750000,556.599976,559.349976
1/25/2022,4:00:00 PM,562.000000,566.650024,553.200012,561.549988
1/25/2022,4:01:00 PM,560.000000,566.000000,556.599976,561.099976
1/25/2022,4:02:00 PM,562.500000,575.950012,560.400024,561.700012
1/25/2022,4:03:00 PM,561.400024,564.500000,553.200012,558.549988
1/25/2022,4:04:00 PM,558.700012,563.950012,551.150024,555.599976
1/25/2022,4:05:00 PM,558.250000,572.900024,557.200012,567.950012
1/25/2022,4:06:00 PM,569.900024,571.049988,558.650024,565.000000
1/25/2022,4:07:00 PM,563.000000,569.700012,556.700012,565.599976
1/25/2022,4:08:00 PM,568.000000,573.000000,561.650024,564.500000
1/25/2022,4:09:00 PM,556.000000,564.500000,556.000000,563.349976
1/25/2022,4:10:00 PM,564.000000,566.299988,555.150024,557.950012
1/25/2022,4:11:00 PM,556.000000,561.400024,549.000000,558.000000
1/25/2022,4:12:00 PM,559.900024,561.049988,548.700012,557.750000
1/25/2022,4:13:00 PM,557.750000,562.700012,551.000000,555.549988
1/25/2022,4:14:00 PM,552.000000,556.750000,529.599976,546.700012
1/25/2022,4:15:00 PM,546.000000,560.750000,541.200012,556.000000
1/25/2022,4:16:00 PM,554.000000,562.500000,551.500000,555.700012
1/25/2022,4:17:00 PM,554.000000,556.700012,541.049988,550.200012
1/25/2022,4:18:00 PM,549.000000,551.950012,541.000000,544.150024
1/25/2022,4:19:00 PM,560.000000,567.000000,550.400024,565.450012
1/25/2022,4:20:00 PM,565.450012,580.000000,552.750000,559.349976
1/25/2022,4:21:00 PM,562.000000,574.000000,550.049988,553.000000
1/25/2022,4:22:00 PM,561.900024,568.900024,543.750000,564.750000
1/25/2022,4:23:00 PM,569.200012,572.500000,559.450012,570.599976
1/25/2022,4:24:00 PM,570.000000,586.000000,568.000000,578.700012
1/25/2022,4:25:00 PM,579.000000,584.200012,571.500000,577.950012
1/25/2022,4:26:00 PM,577.400024,582.450012,559.900024,564.349976
1/25/2022,4:27:00 PM,560.099976,563.500000,554.250000,561.950012
1/25/2022,4:28:00 PM,562.700012,569.000000,550.849976,558.849976
1/25/2022,4:29:00 PM,559.000000,569.450012,552.500000,568.250000
1/25/2022,4:30:00 PM,564.000000,575.000000,561.099976,562.650024
1/25/2022,4:31:00 PM,565.000000,568.299988,556.549988,559.799988
1/25/2022,4:32:00 PM,565.000000,565.000000,542.000000,549.500000
1/25/2022,4:33:00 PM,550.599976,562.599976,550.000000,554.549988
1/25/2022,4:34:00 PM,555.400024,566.400024,551.000000,559.849976
1/25/2022,4:35:00 PM,558.900024,567.000000,556.250000,561.599976
1/25/2022,4:36:00 PM,560.049988,566.599976,559.250000,564.599976
1/25/2022,4:37:00 PM,560.150024,564.450012,554.150024,555.599976
1/25/2022,4:38:00 PM,555.500000,556.599976,543.849976,545.150024
1/25/2022,4:39:00 PM,545.200012,555.500000,545.049988,547.599976
1/25/2022,4:40:00 PM,550.599976,551.900024,532.549988,533.700012
1/25/2022,4:41:00 PM,531.799988,552.450012,528.650024,551.299988
1/25/2022,4:42:00 PM,549.849976,553.799988,545.200012,551.549988
1/25/2022,4:43:00 PM,548.549988,552.450012,545.099976,549.900024
1/25/2022,4:44:00 PM,548.950012,554.950012,546.549988,550.049988
1/25/2022,4:45:00 PM,550.000000,558.799988,548.000000,556.549988
1/25/2022,4:46:00 PM,556.849976,563.900024,550.299988,551.950012
1/25/2022,4:47:00 PM,551.900024,556.700012,546.349976,553.450012
1/25/2022,4:48:00 PM,555.700012,559.349976,553.150024,555.799988
1/25/2022,4:49:00 PM,557.150024,558.500000,551.500000,555.349976
1/25/2022,4:50:00 PM,555.349976,556.700012,549.450012,553.250000
1/25/2022,4:51:00 PM,554.650024,555.650024,550.599976,551.549988
1/25/2022,4:52:00 PM,551.549988,554.250000,549.200012,550.000000
1/25/2022,4:53:00 PM,547.000000,549.000000,534.650024,538.450012
1/25/2022,4:54:00 PM,536.799988,552.450012,536.799988,548.799988
1/25/2022,4:55:00 PM,545.349976,551.150024,541.849976,544.950012
1/25/2022,4:56:00 PM,549.000000,553.799988,546.000000,552.400024
1/25/2022,4:57:00 PM,554.000000,566.500000,547.200012,556.799988
1/25/2022,4:58:00 PM,559.900024,560.500000,548.599976,550.549988
1/25/2022,4:59:00 PM,554.750000,558.450012,549.400024,553.549988
1/25/2022,5:00:00 PM,554.000000,558.500000,547.450012,557.549988
1/25/2022,5:01:00 PM,558.849976,559.000000,545.500000,547.000000
1/25/2022,5:02:00 PM,550.799988,552.000000,535.500000,536.700012
1/25/2022,5:03:00 PM,536.700012,540.000000,526.200012,530.950012
1/25/2022,5:04:00 PM,531.000000,535.200012,521.000000,528.900024
1/25/2022,5:05:00 PM,529.000000,529.000000,517.049988,518.750000
1/25/2022,5:06:00 PM,521.349976,539.200012,519.000000,536.650024
1/25/2022,5:07:00 PM,533.200012,539.900024,528.250000,532.099976
1/25/2022,5:08:00 PM,531.599976,534.950012,520.250000,522.250000
1/25/2022,5:09:00 PM,522.200012,533.599976,517.799988,520.000000
1/25/2022,5:10:00 PM,516.900024,522.700012,506.000000,521.099976
1/25/2022,5:11:00 PM,516.150024,519.450012,509.200012,512.450012
1/25/2022,5:12:00 PM,509.000000,519.700012,508.700012,516.099976
1/25/2022,5:13:00 PM,513.799988,520.799988,512.250000,518.900024
1/25/2022,5:14:00 PM,518.000000,527.000000,496.850006,500.149994
1/25/2022,5:15:00 PM,502.700012,525.849976,501.649994,518.299988
1/25/2022,5:16:00 PM,504.750000,510.000000,493.799988,503.049988
1/25/2022,5:17:00 PM,505.899994,511.700012,481.549988,484.500000
1/25/2022,5:18:00 PM,484.500000,486.899994,473.049988,475.750000
1/25/2022,5:19:00 PM,477.450012,483.250000,465.000000,478.299988
1/25/2022,5:20:00 PM,477.000000,483.399994,474.500000,476.100006
1/25/2022,5:21:00 PM,478.500000,485.549988,474.600006,475.850006
1/25/2022,5:22:00 PM,478.850006,481.700012,470.549988,478.700012
1/25/2022,5:23:00 PM,478.600006,479.000000,466.950012,468.049988
1/25/2022,5:24:00 PM,464.899994,469.950012,460.600006,464.000000
1/25/2022,5:25:00 PM,464.000000,467.350006,449.200012,465.899994
1/25/2022,5:26:00 PM,468.100006,470.950012,454.899994,466.549988
1/25/2022,5:27:00 PM,468.500000,469.850006,458.450012,465.350006
1/25/2022,5:28:00 PM,465.799988,476.200012,460.149994,464.250000
1/25/2022,5:29:00 PM,465.500000,468.000000,456.549988,465.200012
1/25/2022,5:30:00 PM,468.000000,475.200012,461.450012,472.450012
1/25/2022,5:31:00 PM,467.000000,471.250000,461.000000,469.549988
1/25/2022,5:32:00 PM,471.100006,475.000000,467.049988,471.399994
1/25/2022,5:33:00 PM,472.000000,479.750000,470.600006,478.399994
1/25/2022,5:34:00 PM,479.000000,482.500000,473.750000,474.899994
1/25/2022,5:35:00 PM,475.000000,478.700012,472.100006,475.000000
1/25/2022,5:36:00 PM,474.000000,478.299988,468.049988,471.799988
1/25/2022,5:37:00 PM,474.000000,474.000000,464.399994,467.799988
1/25/2022,5:38:00 PM,468.049988,469.649994,464.500000,469.000000
1/25/2022,5:39:00 PM,467.000000,472.000000,464.100006,470.500000
1/25/2022,5:40:00 PM,471.950012,472.399994,457.000000,460.649994
1/25/2022,5:41:00 PM,461.399994,462.799988,454.350006,458.649994
1/25/2022,5:42:00 PM,458.649994,461.950012,449.899994,452.049988
1/25/2022,5:43:00 PM,454.200012,465.000000,445.500000,463.299988
1/25/2022,5:44:00 PM,468.000000,472.299988,445.000000,448.899994
1/25/2022,5:45:00 PM,450.000000,455.049988,446.600006,450.250000
1/25/2022,5:46:00 PM,449.899994,450.000000,432.200012,434.600006
1/25/2022,5:47:00 PM,439.000000,440.450012,430.399994,438.450012
1/25/2022,5:48:00 PM,438.450012,446.000000,435.700012,439.399994
1/25/2022,5:49:00 PM,430.000000,432.799988,418.000000,425.500000
1/25/2022,5:50:00 PM,426.899994,426.899994,402.700012,412.649994
1/25/2022,5:51:00 PM,411.000000,421.000000,406.500000,418.100006
1/25/2022,5:52:00 PM,419.500000,431.299988,416.149994,418.350006
1/25/2022,5:53:00 PM,419.950012,419.950012,405.500000,408.250000
1/25/2022,5:54:00 PM,408.299988,427.000000,407.500000,423.350006
1/25/2022,5:55:00 PM,423.100006,427.299988,418.549988,422.149994
1/25/2022,5:56:00 PM,422.549988,443.000000,389.549988,441.350006
1/25/2022,5:57:00 PM,441.350006,446.450012,433.500000,440.899994
1/25/2022,5:58:00 PM,440.000000,448.500000,435.350006,446.549988
1/25/2022,5:59:00 PM,446.299988,447.850006,438.950012,446.799988
1/25/2022,6:00:00 PM,445.299988,447.700012,439.399994,446.299988
1/25/2022,6:01:00 PM,448.500000,451.149994,440.100006,444.149994
1/25/2022,6:02:00 PM,441.250000,457.750000,440.200012,453.899994
1/25/2022,6:03:00 PM,453.649994,456.799988,448.100006,454.250000
1/25/2022,6:04:00 PM,455.000000,456.000000,443.549988,446.850006
1/25/2022,6:05:00 PM,447.100006,461.450012,441.750000,459.850006
1/25/2022,6:06:00 PM,462.000000,463.899994,459.500000,461.049988
1/25/2022,6:07:00 PM,463.899994,478.399994,462.000000,473.049988
1/25/2022,6:08:00 PM,478.950012,478.950012,462.250000,465.000000
1/25/2022,6:09:00 PM,465.000000,472.700012,460.149994,466.850006
1/25/2022,6:10:00 PM,467.299988,474.200012,462.399994,469.200012
1/25/2022,6:11:00 PM,471.399994,478.500000,467.049988,468.299988
1/25/2022,6:12:00 PM,470.149994,475.500000,465.149994,467.850006
1/25/2022,6:13:00 PM,469.049988,487.950012,464.250000,480.850006
1/25/2022,6:14:00 PM,482.000000,487.399994,470.000000,471.850006
1/25/2022,6:15:00 PM,470.100006,470.100006,461.250000,462.500000
1/25/2022,6:16:00 PM,459.399994,459.399994,451.750000,454.850006
1/25/2022,6:17:00 PM,452.000000,455.000000,446.000000,447.899994
1/25/2022,6:18:00 PM,445.200012,458.200012,442.649994,451.399994
1/25/2022,6:19:00 PM,448.000000,468.049988,435.399994,463.250000
1/25/2022,6:20:00 PM,463.000000,472.000000,457.649994,460.600006
1/25/2022,6:21:00 PM,461.200012,477.500000,459.549988,472.100006
1/25/2022,6:22:00 PM,472.000000,483.700012,468.649994,482.600006
1/25/2022,6:23:00 PM,482.600006,492.299988,476.600006,485.500000
1/25/2022,6:24:00 PM,485.000000,485.000000,472.700012,478.850006
1/25/2022,6:25:00 PM,478.250000,485.350006,475.899994,483.500000
1/25/2022,6:26:00 PM,483.000000,490.549988,476.700012,478.549988
1/25/2022,6:27:00 PM,475.000000,475.000000,464.549988,468.000000
1/25/2022,6:28:00 PM,472.000000,476.500000,464.100006,468.350006
1/25/2022,6:29:00 PM,469.649994,473.399994,465.600006,466.700012
1/25/2022,6:30:00 PM,469.600006,469.600006,455.350006,464.000000
1/25/2022,6:31:00 PM,465.000000,465.850006,460.000000,464.250000
1/25/2022,6:32:00 PM,463.000000,471.850006,462.000000,470.000000
1/25/2022,6:33:00 PM,469.500000,470.299988,460.399994,461.600006
1/25/2022,6:34:00 PM,463.000000,467.000000,454.000000,455.450012
1/25/2022,6:35:00 PM,457.399994,457.750000,444.600006,447.899994
1/25/2022,6:36:00 PM,450.600006,454.950012,449.500000,453.049988
1/25/2022,6:37:00 PM,453.000000,453.100006,446.700012,449.950012
1/25/2022,6:38:00 PM,452.200012,463.100006,452.200012,461.049988
1/25/2022,6:39:00 PM,461.049988,465.000000,456.600006,461.250000
1/25/2022,6:40:00 PM,463.049988,464.750000,457.500000,458.250000
1/25/2022,6:41:00 PM,462.049988,466.200012,460.350006,463.950012
1/25/2022,6:42:00 PM,464.000000,469.250000,461.500000,467.799988
1/25/2022,6:43:00 PM,465.649994,471.500000,464.799988,467.600006
1/25/2022,6:44:00 PM,466.899994,474.450012,463.899994,465.750000
1/25/2022,6:45:00 PM,467.000000,469.000000,464.500000,467.850006
1/25/2022,6:46:00 PM,467.250000,480.000000,465.500000,478.700012
1/25/2022,6:47:00 PM,478.700012,482.549988,472.250000,474.149994
1/25/2022,6:48:00 PM,474.549988,483.500000,472.799988,481.100006
1/25/2022,6:49:00 PM,481.100006,487.000000,478.250000,479.950012
1/25/2022,6:50:00 PM,479.950012,484.299988,476.950012,478.200012
1/25/2022,6:51:00 PM,481.000000,481.000000,474.450012,475.899994
1/25/2022,6:52:00 PM,478.850006,479.899994,472.299988,473.500000
1/25/2022,6:53:00 PM,475.799988,475.799988,467.250000,469.950012
1/25/2022,6:54:00 PM,469.799988,469.950012,461.200012,466.750000
1/25/2022,6:55:00 PM,466.000000,470.000000,463.649994,468.600006
1/25/2022,6:56:00 PM,467.799988,470.100006,461.600006,464.750000
1/25/2022,6:57:00 PM,467.500000,473.299988,467.500000,470.100006
1/25/2022,6:58:00 PM,470.100006,477.000000,469.750000,473.500000
1/25/2022,6:59:00 PM,474.500000,482.450012,474.500000,477.649994
1/25/2022,7:00:00 PM,480.600006,485.200012,479.200012,484.250000
1/25/2022,7:01:00 PM,484.000000,486.850006,479.549988,484.000000
1/25/2022,7:02:00 PM,484.000000,487.450012,479.000000,480.250000
1/25/2022,7:03:00 PM,480.000000,482.950012,476.549988,480.299988
1/25/2022,7:04:00 PM,480.450012,483.149994,476.649994,480.149994
1/25/2022,7:05:00 PM,478.950012,479.549988,472.200012,473.399994
1/25/2022,7:06:00 PM,474.500000,480.299988,470.250000,471.600006
1/25/2022,7:07:00 PM,464.500000,475.850006,459.350006,465.149994
1/25/2022,7:08:00 PM,465.000000,467.750000,456.850006,458.850006
1/25/2022,7:09:00 PM,457.500000,466.500000,454.200012,464.450012
1/25/2022,7:10:00 PM,465.000000,468.000000,458.950012,464.700012
1/25/2022,7:11:00 PM,464.700012,467.399994,460.350006,461.549988
1/25/2022,7:12:00 PM,461.000000,461.000000,446.350006,451.000000
1/25/2022,7:13:00 PM,453.950012,453.950012,442.100006,446.899994
1/25/2022,7:14:00 PM,444.000000,450.649994,439.399994,444.549988
1/25/2022,7:15:00 PM,446.700012,452.450012,444.200012,448.450012
1/25/2022,7:16:00 PM,449.549988,459.149994,437.500000,447.549988
1/25/2022,7:17:00 PM,462.500000,464.350006,435.350006,439.649994
1/25/2022,7:18:00 PM,440.000000,445.899994,437.299988,443.200012
1/25/2022,7:19:00 PM,444.200012,451.000000,442.100006,444.750000
1/25/2022,7:20:00 PM,447.100006,452.000000,443.350006,450.600006
1/25/2022,7:21:00 PM,454.950012,454.950012,445.000000,446.799988
1/25/2022,7:22:00 PM,446.799988,448.899994,440.500000,443.399994
1/25/2022,7:23:00 PM,444.000000,448.899994,441.500000,447.100006
1/25/2022,7:24:00 PM,444.500000,445.750000,430.100006,431.899994
1/25/2022,7:25:00 PM,433.000000,437.649994,428.100006,436.000000
1/25/2022,7:26:00 PM,437.799988,449.200012,437.399994,447.500000
1/25/2022,7:27:00 PM,448.000000,448.799988,434.500000,435.750000
1/25/2022,7:28:00 PM,436.000000,436.700012,426.549988,430.149994
1/25/2022,7:29:00 PM,430.200012,431.200012,420.000000,425.799988
1/25/2022,7:30:00 PM,406.000000,425.000000,405.799988,422.200012
1/25/2022,7:31:00 PM,411.100006,424.000000,409.000000,421.200012
1/25/2022,7:32:00 PM,413.000000,416.450012,398.049988,402.100006
1/25/2022,7:33:00 PM,407.000000,411.250000,394.649994,401.950012
1/25/2022,7:34:00 PM,402.000000,429.200012,402.000000,425.299988
1/25/2022,7:35:00 PM,425.600006,449.799988,420.000000,447.649994
1/25/2022,7:36:00 PM,447.850006,472.000000,437.450012,440.600006
1/25/2022,7:37:00 PM,425.000000,438.149994,423.049988,434.399994
1/25/2022,7:38:00 PM,425.000000,432.649994,423.500000,426.149994
1/25/2022,7:39:00 PM,425.000000,426.149994,410.200012,417.100006
1/25/2022,7:40:00 PM,412.500000,412.500000,390.750000,394.750000
1/25/2022,7:41:00 PM,388.000000,434.950012,355.299988,425.549988
1/25/2022,7:42:00 PM,416.000000,423.899994,392.750000,396.399994
1/25/2022,7:43:00 PM,397.000000,422.000000,390.750000,401.750000
1/25/2022,7:44:00 PM,411.799988,411.799988,381.700012,386.000000
1/25/2022,7:45:00 PM,374.799988,390.750000,362.899994,374.700012
1/25/2022,7:46:00 PM,379.799988,399.799988,372.450012,392.799988
1/25/2022,7:47:00 PM,370.000000,406.899994,370.000000,375.250000
1/25/2022,7:48:00 PM,380.000000,409.750000,372.549988,377.450012
1/25/2022,7:49:00 PM,378.000000,394.899994,374.000000,376.450012
1/25/2022,7:50:00 PM,383.000000,394.700012,380.500000,386.149994
1/25/2022,7:51:00 PM,393.000000,411.000000,391.950012,407.649994
1/25/2022,7:52:00 PM,413.799988,438.700012,407.649994,431.750000
1/25/2022,7:53:00 PM,446.000000,446.600006,420.000000,422.850006
1/25/2022,7:54:00 PM,424.899994,430.899994,410.399994,413.750000
1/25/2022,7:55:00 PM,425.000000,454.700012,416.250000,449.200012
1/25/2022,7:56:00 PM,479.000000,513.400024,452.000000,492.250000
1/25/2022,7:57:00 PM,496.950012,530.000000,490.000000,512.750000
1/25/2022,7:58:00 PM,564.000000,610.000000,564.000000,579.599976
1/25/2022,7:59:00 PM,605.000000,605.000000,583.000000,592.849976
1/25/2022,8:00:00 PM,604.450012,614.000000,578.599976,592.349976
1/25/2022,8:01:00 PM,590.000000,612.799988,582.000000,600.450012
1/25/2022,8:02:00 PM,615.000000,615.000000,595.000000,598.000000
1/25/2022,8:03:00 PM,598.000000,599.400024,580.000000,585.400024
1/25/2022,8:04:00 PM,578.000000,609.799988,570.000000,592.099976
1/25/2022,8:05:00 PM,594.900024,599.750000,585.000000,587.200012
1/25/2022,8:06:00 PM,590.000000,603.900024,579.049988,586.700012
1/25/2022,8:07:00 PM,586.400024,606.000000,583.599976,599.299988
1/25/2022,8:08:00 PM,600.000000,632.650024,600.000000,608.700012
1/25/2022,8:09:00 PM,616.799988,621.250000,593.250000,598.599976
1/25/2022,8:10:00 PM,605.000000,607.900024,590.099976,596.250000
1/25/2022,8:11:00 PM,607.900024,611.450012,586.099976,589.599976
1/25/2022,8:12:00 PM,589.000000,616.950012,580.599976,611.849976
1/25/2022,8:13:00 PM,623.049988,623.049988,595.000000,596.900024
1/25/2022,8:14:00 PM,597.500000,606.000000,590.000000,591.750000
1/25/2022,8:15:00 PM,598.000000,601.799988,587.500000,589.549988
1/25/2022,8:16:00 PM,598.000000,601.200012,589.500000,591.900024
1/25/2022,8:17:00 PM,600.950012,600.950012,583.450012,586.049988
1/25/2022,8:18:00 PM,587.000000,593.799988,566.200012,570.150024
1/25/2022,8:19:00 PM,600.000000,605.000000,568.900024,570.200012
1/25/2022,8:20:00 PM,571.000000,577.900024,566.099976,569.750000
1/25/2022,8:21:00 PM,572.000000,585.000000,565.599976,570.299988
1/25/2022,8:22:00 PM,570.599976,605.000000,570.500000,600.450012
1/25/2022,8:23:00 PM,600.000000,608.799988,590.200012,594.950012
1/25/2022,8:24:00 PM,597.000000,624.349976,595.400024,620.650024
1/25/2022,8:25:00 PM,620.650024,626.849976,612.299988,616.599976
1/25/2022,8:26:00 PM,616.700012,641.849976,610.099976,639.349976
1/25/2022,8:27:00 PM,640.000000,646.900024,624.049988,627.700012
1/25/2022,8:28:00 PM,630.000000,637.799988,625.799988,633.049988
1/25/2022,8:29:00 PM,634.000000,637.650024,626.049988,628.349976
1/25/2022,8:30:00 PM,633.000000,650.950012,631.000000,648.150024
1/25/2022,8:31:00 PM,649.000000,652.599976,634.549988,642.500000
1/25/2022,8:32:00 PM,644.900024,658.650024,636.000000,637.599976
1/25/2022,8:33:00 PM,646.849976,649.500000,635.299988,641.200012
1/25/2022,8:34:00 PM,643.000000,664.799988,642.500000,660.549988
1/25/2022,8:35:00 PM,665.000000,669.750000,649.000000,650.900024
1/25/2022,8:36:00 PM,656.700012,657.799988,633.049988,635.099976
1/25/2022,8:37:00 PM,638.900024,654.299988,637.049988,640.049988
1/25/2022,8:38:00 PM,646.799988,650.750000,639.799988,642.950012
1/25/2022,8:39:00 PM,645.650024,646.950012,632.799988,635.000000
1/25/2022,8:40:00 PM,616.299988,645.000000,616.299988,643.599976
1/25/2022,8:41:00 PM,643.000000,653.500000,637.000000,643.650024
1/25/2022,8:42:00 PM,644.500000,650.000000,632.450012,637.799988
1/25/2022,8:43:00 PM,640.000000,643.799988,635.000000,640.349976
1/25/2022,8:44:00 PM,641.650024,644.799988,636.400024,642.049988
1/25/2022,8:45:00 PM,648.849976,648.849976,631.500000,636.200012
1/25/2022,8:46:00 PM,691.000000,692.500000,651.650024,655.950012
1/25/2022,8:47:00 PM,674.000000,674.000000,655.400024,659.799988
1/25/2022,8:48:00 PM,660.000000,662.250000,628.299988,631.200012
1/25/2022,8:49:00 PM,632.000000,642.000000,629.150024,634.900024
1/25/2022,8:50:00 PM,639.000000,643.650024,631.599976,634.900024
1/25/2022,8:51:00 PM,637.000000,648.000000,635.400024,644.900024
1/25/2022,8:52:00 PM,647.950012,649.900024,638.000000,640.250000
1/25/2022,8:53:00 PM,642.599976,642.599976,621.049988,627.099976
1/25/2022,8:54:00 PM,630.000000,654.450012,626.000000,646.200012
1/25/2022,8:55:00 PM,652.950012,652.950012,635.500000,638.799988
1/25/2022,8:56:00 PM,640.000000,644.250000,629.200012,634.599976
1/25/2022,8:57:00 PM,637.950012,642.599976,635.200012,636.549988
1/25/2022,8:58:00 PM,643.450012,648.000000,632.500000,634.400024
1/25/2022,8:59:00 PM,643.950012,643.950012,636.250000,639.049988
1/25/2022,9:00:00 PM,640.000000,647.000000,636.700012,638.900024
1/25/2022,9:01:00 PM,641.000000,646.000000,636.599976,638.349976
1/25/2022,9:02:00 PM,639.950012,644.000000,631.250000,632.299988
1/25/2022,9:03:00 PM,634.400024,643.500000,633.099976,638.200012
1/25/2022,9:04:00 PM,639.950012,677.400024,635.900024,674.500000
1/25/2022,9:05:00 PM,674.500000,696.650024,669.250000,689.099976
1/25/2022,9:06:00 PM,689.000000,690.849976,672.349976,674.349976
1/25/2022,9:07:00 PM,676.099976,682.099976,660.000000,662.299988
1/25/2022,9:08:00 PM,666.150024,677.799988,657.500000,661.700012
1/25/2022,9:09:00 PM,663.950012,674.000000,662.200012,671.450012
1/25/2022,9:10:00 PM,673.000000,681.000000,658.200012,666.049988
1/25/2022,9:11:00 PM,673.950012,673.950012,650.400024,652.900024
1/25/2022,9:12:00 PM,651.000000,665.750000,644.250000,662.599976
1/25/2022,9:13:00 PM,662.599976,685.549988,662.599976,681.250000
1/25/2022,9:14:00 PM,681.200012,698.950012,681.000000,685.950012
1/25/2022,9:15:00 PM,687.000000,724.000000,687.000000,720.150024
1/25/2022,9:16:00 PM,724.000000,734.200012,701.000000,710.400024
1/25/2022,9:17:00 PM,708.000000,718.900024,703.200012,713.849976
1/25/2022,9:18:00 PM,720.799988,729.950012,716.000000,722.150024
1/25/2022,9:19:00 PM,724.950012,739.700012,720.099976,731.099976
1/25/2022,9:20:00 PM,738.000000,739.650024,724.500000,728.650024
1/25/2022,9:21:00 PM,760.000000,814.500000,751.349976,795.599976
1/25/2022,9:22:00 PM,801.099976,801.849976,768.750000,778.000000
1/25/2022,9:23:00 PM,778.000000,778.000000,755.599976,762.099976
1/25/2022,9:24:00 PM,765.950012,782.900024,754.099976,760.250000
1/25/2022,9:25:00 PM,762.000000,787.750000,752.549988,771.799988
1/25/2022,9:26:00 PM,779.000000,781.000000,765.500000,771.650024
1/25/2022,9:27:00 PM,772.000000,779.650024,763.000000,764.849976
1/25/2022,9:28:00 PM,770.000000,772.700012,756.650024,758.349976
1/25/2022,9:29:00 PM,758.349976,771.750000,758.349976,762.700012
1/25/2022,9:30:00 PM,768.849976,770.599976,759.049988,760.750000
1/25/2022,9:31:00 PM,763.000000,767.000000,750.250000,751.750000
1/25/2022,9:32:00 PM,756.250000,758.000000,745.250000,747.750000
1/25/2022,9:33:00 PM,751.500000,754.000000,744.200012,748.000000
1/25/2022,9:34:00 PM,750.799988,764.000000,749.950012,756.200012
1/25/2022,9:35:00 PM,763.000000,771.000000,746.700012,748.599976
1/25/2022,9:36:00 PM,752.000000,755.700012,705.200012,713.549988
1/25/2022,9:37:00 PM,713.549988,741.000000,710.000000,736.549988
1/25/2022,9:38:00 PM,739.950012,748.500000,729.200012,738.250000
1/25/2022,9:39:00 PM,742.700012,745.950012,735.000000,738.599976
1/25/2022,9:40:00 PM,733.750000,750.000000,717.099976,724.599976
1/25/2022,9:41:00 PM,728.000000,733.799988,707.000000,716.750000
1/25/2022,9:42:00 PM,716.750000,726.450012,704.400024,708.200012
1/25/2022,9:43:00 PM,709.150024,734.950012,705.200012,727.549988
1/25/2022,9:44:00 PM,729.000000,735.900024,719.250000,726.799988
1/25/2022,9:45:00 PM,725.799988,731.500000,720.250000,725.950012
1/25/2022,9:46:00 PM,729.000000,730.250000,717.750000,721.599976
1/25/2022,9:47:00 PM,723.000000,754.000000,722.650024,742.450012
1/25/2022,9:48:00 PM,743.950012,756.500000,732.000000,752.599976
1/25/2022,9:49:00 PM,751.000000,762.000000,746.700012,751.500000
1/25/2022,9:50:00 PM,780.000000,819.299988,776.150024,806.250000
1/25/2022,9:51:00 PM,806.250000,811.950012,762.000000,768.099976
1/25/2022,9:52:00 PM,777.049988,787.950012,755.150024,777.650024
1/25/2022,9:53:00 PM,783.950012,784.000000,761.799988,767.400024
1/25/2022,9:54:00 PM,764.450012,766.650024,730.000000,733.450012
1/25/2022,9:55:00 PM,752.000000,777.000000,740.400024,770.099976
1/25/2022,9:56:00 PM,772.099976,778.000000,755.599976,774.799988
1/25/2022,9:57:00 PM,777.599976,786.000000,759.049988,762.349976
1/25/2022,9:58:00 PM,762.349976,794.900024,761.049988,774.700012
1/25/2022,9:59:00 PM,779.799988,781.000000,765.750000,773.000000
1/25/2022,10:00:00 PM,776.000000,784.049988,762.049988,778.650024
1/25/2022,10:01:00 PM,782.000000,788.000000,777.000000,780.349976
1/25/2022,10:02:00 PM,780.000000,790.650024,771.000000,773.599976
1/25/2022,10:03:00 PM,775.000000,815.599976,774.900024,811.450012
1/25/2022,10:04:00 PM,813.000000,825.000000,800.349976,803.150024
1/25/2022,10:05:00 PM,805.000000,819.750000,800.150024,813.650024
1/25/2022,10:06:00 PM,810.000000,829.049988,778.500000,787.150024
1/25/2022,10:07:00 PM,788.799988,794.549988,766.799988,781.500000
1/25/2022,10:08:00 PM,780.650024,788.000000,762.900024,768.299988
1/25/2022,10:09:00 PM,766.950012,787.500000,758.400024,782.349976
1/25/2022,10:10:00 PM,783.000000,784.099976,762.150024,764.000000
1/25/2022,10:11:00 PM,765.000000,774.700012,756.299988,764.299988
1/25/2022,10:12:00 PM,771.799988,771.799988,756.500000,767.099976
1/25/2022,10:13:00 PM,765.000000,769.849976,744.000000,757.500000
1/25/2022,10:14:00 PM,761.250000,774.650024,755.000000,757.549988
1/25/2022,10:15:00 PM,761.200012,763.750000,742.299988,747.150024
1/25/2022,10:16:00 PM,750.000000,773.549988,747.000000,770.250000
1/25/2022,10:17:00 PM,771.400024,780.000000,762.150024,765.250000
1/25/2022,10:18:00 PM,766.099976,774.650024,757.000000,762.299988
1/25/2022,10:19:00 PM,765.700012,767.500000,746.000000,754.500000
1/25/2022,10:20:00 PM,757.500000,762.349976,744.400024,751.250000
1/25/2022,10:21:00 PM,756.099976,770.549988,750.750000,759.299988
1/25/2022,10:22:00 PM,757.799988,783.799988,757.200012,781.150024
1/25/2022,10:23:00 PM,786.000000,796.099976,778.299988,793.500000
1/25/2022,10:24:00 PM,797.400024,802.000000,786.549988,789.950012
1/25/2022,10:25:00 PM,795.099976,804.000000,752.299988,763.200012
1/25/2022,10:26:00 PM,769.799988,769.799988,706.500000,717.299988
1/25/2022,10:27:00 PM,727.000000,745.500000,718.599976,742.349976
1/25/2022,10:28:00 PM,742.400024,758.849976,733.500000,739.700012
1/25/2022,10:29:00 PM,742.500000,751.000000,740.150024,744.650024
1/25/2022,10:30:00 PM,749.500000,749.900024,744.000000,745.750000
1/25/2022,10:31:00 PM,747.400024,751.900024,734.000000,742.549988
1/25/2022,10:32:00 PM,747.299988,752.000000,733.500000,742.950012
1/25/2022,10:33:00 PM,742.549988,751.900024,737.950012,742.099976
1/25/2022,10:34:00 PM,742.000000,748.450012,732.250000,739.900024
1/25/2022,10:35:00 PM,741.650024,758.049988,739.400024,746.299988
1/25/2022,10:36:00 PM,748.299988,752.000000,741.599976,748.450012
1/25/2022,10:37:00 PM,750.099976,754.549988,728.200012,731.650024
1/25/2022,10:38:00 PM,734.000000,741.000000,726.500000,738.700012
1/25/2022,10:39:00 PM,741.000000,749.000000,735.000000,745.599976
1/25/2022,10:40:00 PM,753.000000,760.000000,746.150024,755.599976
1/25/2022,10:41:00 PM,758.000000,761.000000,751.150024,758.349976
1/25/2022,10:42:00 PM,760.000000,764.799988,756.049988,762.150024
1/25/2022,10:43:00 PM,763.000000,770.599976,757.000000,766.950012
1/25/2022,10:44:00 PM,766.950012,782.500000,766.000000,773.150024
1/25/2022,10:45:00 PM,777.000000,779.450012,757.799988,766.000000
1/25/2022,10:46:00 PM,769.900024,773.900024,759.950012,762.400024
1/25/2022,10:47:00 PM,763.000000,767.700012,755.099976,762.750000
1/25/2022,10:48:00 PM,764.000000,766.099976,753.000000,755.849976
1/25/2022,10:49:00 PM,778.299988,793.299988,776.349976,789.299988
1/25/2022,10:50:00 PM,789.299988,798.000000,779.250000,781.650024
1/25/2022,10:51:00 PM,790.349976,790.349976,782.299988,786.799988
1/25/2022,10:52:00 PM,790.750000,794.849976,781.099976,783.200012
1/25/2022,10:53:00 PM,784.250000,796.000000,781.500000,793.450012
1/25/2022,10:54:00 PM,793.000000,816.900024,760.000000,778.500000
1/25/2022,10:55:00 PM,782.000000,798.000000,761.099976,795.000000
1/25/2022,10:56:00 PM,796.349976,827.000000,792.250000,824.650024
1/25/2022,10:57:00 PM,828.799988,834.900024,815.299988,833.200012
1/25/2022,10:58:00 PM,837.599976,839.000000,825.200012,830.150024
1/25/2022,10:59:00 PM,830.150024,835.750000,817.500000,827.950012
1/25/2022,11:00:00 PM,830.000000,830.000000,816.049988,823.799988
1/25/2022,11:01:00 PM,824.000000,833.349976,816.400024,819.950012
1/25/2022,11:02:00 PM,822.799988,828.950012,820.650024,826.599976
1/25/2022,11:03:00 PM,831.000000,837.299988,826.549988,832.250000
1/25/2022,11:04:00 PM,832.250000,843.750000,825.299988,827.250000
1/25/2022,11:05:00 PM,829.000000,834.400024,815.250000,824.799988
1/25/2022,11:06:00 PM,830.000000,830.450012,818.000000,826.549988
1/25/2022,11:07:00 PM,830.700012,846.200012,827.400024,838.700012
1/25/2022,11:08:00 PM,839.000000,860.000000,832.750000,856.849976
1/25/2022,11:09:00 PM,860.000000,864.599976,841.000000,843.150024
1/25/2022,11:10:00 PM,847.349976,852.000000,832.500000,841.700012
1/25/2022,11:11:00 PM,841.700012,847.549988,829.000000,840.900024
1/25/2022,11:12:00 PM,839.000000,844.900024,821.000000,823.700012
1/25/2022,11:13:00 PM,822.000000,826.650024,796.200012,801.750000
1/25/2022,11:14:00 PM,802.500000,825.400024,802.500000,822.450012
1/25/2022,11:15:00 PM,822.500000,834.900024,822.299988,832.799988
1/25/2022,11:16:00 PM,835.000000,839.299988,809.000000,812.750000
1/25/2022,11:17:00 PM,815.799988,822.500000,798.250000,808.299988
1/25/2022,11:18:00 PM,813.000000,857.000000,808.250000,836.799988
1/25/2022,11:19:00 PM,839.900024,856.450012,825.200012,842.500000
1/25/2022,11:20:00 PM,835.500000,848.849976,825.700012,841.900024
1/25/2022,11:21:00 PM,847.950012,850.849976,820.750000,825.900024
1/25/2022,11:22:00 PM,815.000000,831.000000,779.950012,806.400024
1/25/2022,11:23:00 PM,807.000000,826.349976,801.500000,821.599976
1/25/2022,11:24:00 PM,826.000000,878.900024,824.200012,849.250000
1/25/2022,11:25:00 PM,847.549988,856.500000,832.599976,834.450012
1/25/2022,11:26:00 PM,839.599976,854.900024,830.500000,847.700012
1/25/2022,11:27:00 PM,852.000000,859.250000,841.049988,847.250000
1/25/2022,11:28:00 PM,848.000000,856.849976,839.000000,841.750000
1/25/2022,11:29:00 PM,847.599976,867.000000,841.000000,863.400024
1/25/2022,11:30:00 PM,868.000000,874.900024,856.000000,859.799988
1/25/2022,11:31:00 PM,859.000000,864.349976,845.500000,848.549988
1/25/2022,11:32:00 PM,850.099976,856.599976,842.000000,844.299988
1/25/2022,11:33:00 PM,850.000000,852.250000,841.250000,848.349976
1/25/2022,11:34:00 PM,849.450012,854.700012,833.000000,835.700012
1/25/2022,11:35:00 PM,835.000000,843.450012,822.500000,825.450012
1/25/2022,11:36:00 PM,823.799988,825.450012,799.000000,807.349976
1/25/2022,11:37:00 PM,811.400024,817.500000,786.049988,792.450012
1/25/2022,11:38:00 PM,795.000000,803.150024,788.400024,790.950012
1/25/2022,11:39:00 PM,794.000000,798.099976,776.250000,789.049988
1/25/2022,11:40:00 PM,795.000000,814.000000,790.450012,809.150024
1/25/2022,11:41:00 PM,805.000000,820.000000,780.000000,787.049988
1/25/2022,11:42:00 PM,795.000000,800.500000,782.000000,789.799988
1/25/2022,11:43:00 PM,792.599976,815.000000,790.799988,811.799988
1/25/2022,11:44:00 PM,817.950012,818.150024,807.599976,812.500000
1/25/2022,11:45:00 PM,807.400024,818.000000,803.700012,806.750000
1/25/2022,11:46:00 PM,806.500000,812.000000,800.250000,805.150024
1/25/2022,11:47:00 PM,807.950012,819.000000,806.200012,809.250000
1/25/2022,11:48:00 PM,812.599976,816.700012,792.099976,797.000000
1/25/2022,11:49:00 PM,806.000000,814.750000,801.000000,812.400024
1/25/2022,11:50:00 PM,816.500000,818.700012,802.000000,805.950012
1/25/2022,11:51:00 PM,807.900024,808.900024,790.000000,805.500000
1/25/2022,11:52:00 PM,805.099976,808.500000,787.000000,792.299988
1/25/2022,11:53:00 PM,794.799988,794.799988,770.000000,772.150024
1/25/2022,11:54:00 PM,776.000000,778.450012,750.849976,755.150024
1/25/2022,11:55:00 PM,751.000000,767.250000,738.099976,760.650024
1/25/2022,11:56:00 PM,762.000000,784.599976,758.700012,772.849976
1/25/2022,11:57:00 PM,775.000000,779.400024,768.400024,776.099976
1/25/2022,11:58:00 PM,777.799988,798.700012,772.650024,792.950012
1/25/2022,11:59:00 PM,796.900024,802.299988,783.299988,787.250000
1/26/2022,12:00:00 AM,791.000000,799.000000,781.250000,787.450012
1/26/2022,12:01:00 AM,790.250000,815.900024,790.250000,812.200012
1/26/2022,12:02:00 AM,811.000000,823.950012,805.000000,815.099976
1/26/2022,12:03:00 AM,819.500000,824.000000,811.599976,818.299988
1/26/2022,12:04:00 AM,825.000000,827.000000,806.099976,819.750000
1/26/2022,12:05:00 AM,824.000000,845.000000,821.849976,836.150024
1/26/2022,12:06:00 AM,836.150024,844.900024,830.250000,840.849976
1/26/2022,12:07:00 AM,843.000000,850.450012,838.400024,842.000000
1/26/2022,12:08:00 AM,840.900024,892.299988,836.650024,883.049988
1/26/2022,12:09:00 AM,890.000000,940.000000,879.150024,902.400024
1/26/2022,12:10:00 AM,921.950012,932.599976,878.299988,885.200012
1/26/2022,12:11:00 AM,898.799988,925.400024,883.900024,914.200012
1/26/2022,12:12:00 AM,919.750000,944.250000,910.900024,938.049988
1/26/2022,12:13:00 AM,945.250000,955.000000,924.000000,946.299988
1/26/2022,12:14:00 AM,965.099976,966.349976,941.099976,949.299988
1/26/2022,12:15:00 AM,958.799988,963.150024,938.849976,944.349976
1/26/2022,12:16:00 AM,944.349976,952.849976,922.750000,935.599976
1/26/2022,12:17:00 AM,935.599976,940.000000,902.150024,905.400024
1/26/2022,12:18:00 AM,913.000000,919.500000,901.000000,912.400024
1/26/2022,12:19:00 AM,914.349976,918.000000,902.950012,910.200012
1/26/2022,12:20:00 AM,911.950012,917.400024,904.000000,906.500000
1/26/2022,12:21:00 AM,900.750000,921.000000,900.750000,910.349976
1/26/2022,12:22:00 AM,919.099976,924.400024,906.400024,910.200012
1/26/2022,12:23:00 AM,912.900024,912.900024,876.000000,878.450012
1/26/2022,12:24:00 AM,885.000000,899.000000,869.000000,888.650024
1/26/2022,12:25:00 AM,907.000000,916.700012,880.900024,884.299988
1/26/2022,12:26:00 AM,893.000000,895.500000,877.000000,882.900024
1/26/2022,12:27:00 AM,892.500000,906.450012,877.500000,900.250000
1/26/2022,12:28:00 AM,899.950012,905.950012,888.200012,890.900024
1/26/2022,12:29:00 AM,889.299988,906.750000,884.299988,898.599976
1/26/2022,12:30:00 AM,909.000000,921.000000,900.799988,904.049988
1/26/2022,12:31:00 AM,895.000000,905.000000,870.000000,881.200012
1/26/2022,12:32:00 AM,887.000000,888.349976,878.450012,884.400024
1/26/2022,12:33:00 AM,887.849976,905.950012,881.000000,903.950012
1/26/2022,12:34:00 AM,906.000000,927.900024,905.000000,924.200012
1/26/2022,12:35:00 AM,930.000000,935.000000,922.299988,926.900024
1/26/2022,12:36:00 AM,931.000000,945.500000,926.150024,931.250000
1/26/2022,12:37:00 AM,939.650024,940.000000,930.000000,935.599976
1/26/2022,12:38:00 AM,941.000000,951.950012,939.049988,945.150024
1/26/2022,12:39:00 AM,946.000000,948.750000,934.049988,942.349976
1/26/2022,12:40:00 AM,940.200012,947.349976,931.000000,934.349976
1/26/2022,12:41:00 AM,934.349976,951.000000,924.000000,949.349976
1/26/2022,12:42:00 AM,952.000000,958.000000,943.549988,946.450012
1/26/2022,12:43:00 AM,946.450012,960.500000,946.450012,954.700012
1/26/2022,12:44:00 AM,955.000000,959.700012,946.000000,948.250000
1/26/2022,12:45:00 AM,948.000000,951.500000,936.500000,946.400024
1/26/2022,12:46:00 AM,951.750000,951.750000,937.549988,939.799988
1/26/2022,12:47:00 AM,939.799988,955.000000,931.849976,953.750000
1/26/2022,12:48:00 AM,954.799988,975.000000,950.200012,958.650024
1/26/2022,12:49:00 AM,960.950012,975.000000,960.000000,974.200012
1/26/2022,12:50:00 AM,975.000000,982.299988,965.500000,967.849976
1/26/2022,12:51:00 AM,972.700012,979.000000,957.000000,976.150024
1/26/2022,12:52:00 AM,975.000000,978.849976,967.150024,969.700012
1/26/2022,12:53:00 AM,969.000000,971.150024,953.799988,956.750000
1/26/2022,12:54:00 AM,955.000000,959.750000,943.500000,950.950012
1/26/2022,12:55:00 AM,950.950012,967.650024,945.349976,960.900024
1/26/2022,12:56:00 AM,958.000000,962.700012,950.500000,960.150024
1/26/2022,12:57:00 AM,956.200012,960.900024,949.150024,955.849976
1/26/2022,12:58:00 AM,956.000000,966.000000,954.200012,957.750000
1/26/2022,12:59:00 AM,957.799988,958.700012,944.000000,950.900024
1/26/2022,1:00:00 AM,951.000000,961.000000,948.950012,957.099976
1/26/2022,1:01:00 AM,962.000000,971.349976,957.099976,963.049988
1/26/2022,1:02:00 AM,964.000000,989.000000,960.049988,979.599976
1/26/2022,1:03:00 AM,992.200012,997.000000,969.150024,971.900024
1/26/2022,1:04:00 AM,977.200012,980.000000,967.200012,978.099976
1/26/2022,1:05:00 AM,981.849976,985.799988,975.099976,979.200012
1/26/2022,1:06:00 AM,979.299988,983.849976,973.099976,974.700012
1/26/2022,1:07:00 AM,975.000000,975.000000,964.750000,969.099976
1/26/2022,1:08:00 AM,968.000000,968.950012,961.000000,965.200012
1/26/2022,1:09:00 AM,965.500000,968.000000,944.799988,950.650024
1/26/2022,1:10:00 AM,952.000000,965.599976,949.950012,959.799988
1/26/2022,1:11:00 AM,960.000000,967.950012,955.849976,959.849976
1/26/2022,1:12:00 AM,962.200012,969.849976,956.049988,965.650024
1/26/2022,1:13:00 AM,961.099976,978.400024,961.099976,977.150024
1/26/2022,1:14:00 AM,979.000000,981.000000,972.049988,973.599976
1/26/2022,1:15:00 AM,973.599976,989.900024,973.599976,977.150024
1/26/2022,1:16:00 AM,972.099976,983.599976,971.250000,974.000000
1/26/2022,1:17:00 AM,972.000000,974.099976,952.650024,955.150024
1/26/2022,1:18:00 AM,958.099976,958.950012,946.650024,949.900024
1/26/2022,1:19:00 AM,952.000000,957.700012,946.950012,948.000000
1/26/2022,1:20:00 AM,948.000000,960.000000,947.000000,950.549988
1/26/2022,1:21:00 AM,952.500000,958.500000,909.000000,913.099976
1/26/2022,1:22:00 AM,921.599976,921.599976,886.650024,889.900024
1/26/2022,1:23:00 AM,894.349976,899.950012,872.000000,883.099976
1/26/2022,1:24:00 AM,885.099976,929.900024,877.750000,920.049988
1/26/2022,1:25:00 AM,928.299988,933.599976,913.400024,921.049988
1/26/2022,1:26:00 AM,925.000000,929.549988,918.500000,928.150024
1/26/2022,1:27:00 AM,928.150024,942.500000,927.000000,939.650024
1/26/2022,1:28:00 AM,944.200012,953.000000,932.000000,945.400024
1/26/2022,1:29:00 AM,939.000000,939.000000,909.000000,911.299988
1/26/2022,1:30:00 AM,912.099976,920.000000,897.400024,918.650024
1/26/2022,1:31:00 AM,920.000000,923.799988,905.000000,912.599976
1/26/2022,1:32:00 AM,912.900024,914.000000,891.049988,909.849976
1/26/2022,1:33:00 AM,912.000000,916.200012,903.700012,905.299988
1/26/2022,1:34:00 AM,906.000000,910.950012,892.349976,894.400024
1/26/2022,1:35:00 AM,896.000000,901.099976,886.049988,888.250000
1/26/2022,1:36:00 AM,891.000000,906.299988,889.900024,904.650024
1/26/2022,1:37:00 AM,900.200012,910.700012,900.000000,908.849976
1/26/2022,1:38:00 AM,908.900024,909.049988,887.000000,890.849976
1/26/2022,1:39:00 AM,898.000000,908.000000,888.650024,898.349976
1/26/2022,1:40:00 AM,903.000000,919.549988,897.650024,917.650024
1/26/2022,1:41:00 AM,917.000000,923.599976,905.950012,912.599976
1/26/2022,1:42:00 AM,912.599976,916.750000,906.299988,911.299988
1/26/2022,1:43:00 AM,913.799988,925.450012,907.500000,923.900024
1/26/2022,1:44:00 AM,924.000000,936.500000,920.450012,934.700012
1/26/2022,1:45:00 AM,935.000000,949.700012,930.299988,947.799988
1/26/2022,1:46:00 AM,949.000000,954.900024,920.000000,922.849976
1/26/2022,1:47:00 AM,927.000000,960.000000,923.400024,955.250000
1/26/2022,1:48:00 AM,956.099976,963.000000,930.650024,941.099976
1/26/2022,1:49:00 AM,945.849976,958.000000,942.650024,950.200012
1/26/2022,1:50:00 AM,950.200012,957.299988,944.049988,950.500000
1/26/2022,1:51:00 AM,948.000000,953.150024,940.000000,951.799988
1/26/2022,1:52:00 AM,951.150024,952.099976,926.000000,949.299988
1/26/2022,1:53:00 AM,946.000000,953.900024,942.549988,950.450012
1/26/2022,1:54:00 AM,954.799988,958.349976,949.599976,953.150024
1/26/2022,1:55:00 AM,955.000000,956.599976,948.299988,952.950012
1/26/2022,1:56:00 AM,954.500000,964.799988,950.200012,954.000000
1/26/2022,1:57:00 AM,960.000000,962.500000,948.049988,954.049988
1/26/2022,1:58:00 AM,953.000000,953.000000,929.799988,938.099976
1/26/2022,1:59:00 AM,935.000000,959.000000,933.000000,956.099976
1/26/2022,2:00:00 AM,952.250000,974.250000,951.650024,963.500000
1/26/2022,2:01:00 AM,965.450012,970.000000,959.500000,968.099976
1/26/2022,2:02:00 AM,969.599976,983.400024,960.450012,967.650024
1/26/2022,2:03:00 AM,965.000000,970.049988,952.299988,962.700012
1/26/2022,2:04:00 AM,960.500000,977.000000,950.799988,971.000000
1/26/2022,2:05:00 AM,970.500000,1005.000000,965.150024,987.599976
1/26/2022,2:06:00 AM,988.000000,999.750000,976.349976,983.549988
1/26/2022,2:07:00 AM,980.000000,991.900024,973.099976,986.200012
1/26/2022,2:08:00 AM,986.000000,996.950012,954.900024,957.500000
1/26/2022,2:09:00 AM,961.799988,961.900024,928.450012,934.549988
1/26/2022,2:10:00 AM,935.549988,938.549988,911.150024,913.450012
1/26/2022,2:11:00 AM,920.000000,922.250000,898.000000,916.049988
1/26/2022,2:12:00 AM,923.000000,929.450012,911.650024,917.099976
1/26/2022,2:13:00 AM,922.799988,923.150024,910.000000,913.750000
1/26/2022,2:14:00 AM,913.500000,924.700012,907.849976,915.950012
1/26/2022,2:15:00 AM,921.650024,924.450012,912.049988,913.500000
1/26/2022,2:16:00 AM,917.450012,920.500000,909.900024,911.349976
1/26/2022,2:17:00 AM,911.349976,915.900024,899.500000,903.750000
1/26/2022,2:18:00 AM,906.000000,917.299988,903.250000,906.200012
1/26/2022,2:19:00 AM,905.000000,912.700012,900.000000,905.900024
1/26/2022,2:20:00 AM,914.450012,917.900024,901.599976,911.549988
1/26/2022,2:21:00 AM,911.549988,915.000000,889.349976,896.349976
1/26/2022,2:22:00 AM,895.900024,913.000000,890.000000,901.849976
1/26/2022,2:23:00 AM,908.900024,914.150024,900.000000,907.500000
1/26/2022,2:24:00 AM,916.950012,926.900024,902.450012,922.500000
1/26/2022,2:25:00 AM,922.400024,928.549988,886.299988,891.750000
1/26/2022,2:26:00 AM,893.000000,917.000000,885.250000,905.049988
1/26/2022,2:27:00 AM,917.000000,918.549988,902.200012,909.250000
1/26/2022,2:28:00 AM,910.000000,912.849976,900.500000,903.400024
1/26/2022,2:29:00 AM,909.549988,914.700012,903.700012,912.650024
1/26/2022,2:30:00 AM,912.650024,914.250000,908.849976,910.700012
1/26/2022,2:31:00 AM,917.950012,917.950012,898.700012,913.700012
1/26/2022,2:32:00 AM,913.000000,925.000000,909.650024,914.150024
1/26/2022,2:33:00 AM,910.000000,924.500000,910.000000,912.450012
1/26/2022,2:34:00 AM,912.450012,912.450012,896.000000,904.900024
1/26/2022,2:35:00 AM,910.799988,917.000000,905.000000,915.950012
1/26/2022,2:36:00 AM,915.000000,939.849976,910.099976,938.150024
1/26/2022,2:37:00 AM,943.150024,943.900024,919.000000,921.750000
1/26/2022,2:38:00 AM,921.750000,921.750000,901.000000,905.349976
1/26/2022,2:39:00 AM,905.299988,907.000000,891.000000,892.299988
1/26/2022,2:40:00 AM,893.000000,909.000000,883.000000,895.400024
1/26/2022,2:41:00 AM,891.700012,918.549988,890.000000,910.599976
1/26/2022,2:42:00 AM,911.000000,915.400024,891.349976,893.450012
1/26/2022,2:43:00 AM,894.000000,902.450012,884.000000,899.950012
1/26/2022,2:44:00 AM,892.000000,976.049988,890.650024,966.700012
1/26/2022,2:45:00 AM,974.000000,998.000000,956.000000,965.000000
1/26/2022,2:46:00 AM,965.000000,984.000000,958.599976,971.299988
1/26/2022,2:47:00 AM,980.750000,986.700012,921.849976,928.150024
1/26/2022,2:48:00 AM,937.950012,937.950012,917.500000,921.250000
1/26/2022,2:49:00 AM,930.000000,930.000000,908.299988,912.049988
1/26/2022,2:50:00 AM,915.099976,915.799988,892.500000,894.950012
1/26/2022,2:51:00 AM,898.299988,898.299988,884.000000,889.250000
1/26/2022,2:52:00 AM,895.000000,902.000000,890.299988,897.950012
1/26/2022,2:53:00 AM,900.000000,902.000000,890.049988,894.500000
1/26/2022,2:54:00 AM,895.000000,901.000000,891.000000,893.900024
1/26/2022,2:55:00 AM,895.200012,903.000000,886.549988,891.299988
1/26/2022,2:56:00 AM,893.500000,907.849976,891.000000,895.599976
1/26/2022,2:57:00 AM,896.200012,901.849976,891.700012,895.700012
1/26/2022,2:58:00 AM,903.500000,903.500000,878.250000,881.000000
1/26/2022,2:59:00 AM,882.000000,884.500000,850.000000,860.200012
1/26/2022,3:00:00 AM,864.000000,898.450012,861.099976,893.799988
1/26/2022,3:01:00 AM,893.799988,897.400024,882.049988,886.750000
1/26/2022,3:02:00 AM,889.000000,893.849976,880.950012,889.700012
1/26/2022,3:03:00 AM,892.000000,912.500000,891.250000,909.750000
1/26/2022,3:04:00 AM,910.200012,912.900024,901.799988,908.299988
1/26/2022,3:05:00 AM,912.900024,933.150024,910.150024,930.250000
1/26/2022,3:06:00 AM,932.000000,936.299988,923.049988,933.299988
1/26/2022,3:07:00 AM,938.000000,947.599976,933.250000,935.549988
1/26/2022,3:08:00 AM,937.000000,955.000000,936.099976,952.750000
1/26/2022,3:09:00 AM,955.000000,957.250000,942.000000,944.099976
1/26/2022,3:10:00 AM,947.049988,947.900024,925.799988,930.500000
1/26/2022,3:11:00 AM,937.450012,937.450012,920.250000,924.250000
1/26/2022,3:12:00 AM,926.500000,931.799988,919.000000,928.549988
1/26/2022,3:13:00 AM,928.549988,935.950012,919.299988,922.000000
1/26/2022,3:14:00 AM,926.400024,926.650024,913.349976,914.750000
1/26/2022,3:15:00 AM,914.750000,917.849976,908.650024,916.200012
1/26/2022,3:16:00 AM,917.500000,921.750000,913.000000,915.950012
1/26/2022,3:17:00 AM,918.400024,918.400024,901.200012,906.200012
1/26/2022,3:18:00 AM,912.000000,929.150024,908.700012,924.049988
1/26/2022,3:19:00 AM,926.049988,933.000000,916.299988,921.500000
1/26/2022,3:20:00 AM,915.599976,920.200012,909.000000,910.200012
1/26/2022,3:21:00 AM,910.200012,914.599976,898.450012,902.150024
1/26/2022,3:22:00 AM,900.049988,901.599976,885.099976,895.650024
1/26/2022,3:23:00 AM,895.000000,899.900024,880.049988,882.349976
1/26/2022,3:24:00 AM,880.000000,880.000000,860.000000,867.450012
1/26/2022,3:25:00 AM,871.500000,895.000000,867.450012,892.099976
1/26/2022,3:26:00 AM,891.400024,909.000000,881.099976,905.650024
1/26/2022,3:27:00 AM,901.000000,931.500000,887.000000,927.599976
1/26/2022,3:28:00 AM,926.549988,942.000000,917.450012,932.250000
1/26/2022,3:29:00 AM,939.000000,950.000000,930.650024,945.000000