1/25/2022,10:50:00 AM,128.949997,129.350006,125.000000,126.099998,128.949997
1/25/2022,10:51:00 AM,126.099998,126.400002,121.599998,122.300003,126.099998
1/25/2022,10:52:00 AM,122.099998,124.800003,119.500000,124.449997,122.099998
1/25/2022,10:53:00 AM,124.199997,125.300003,120.099998,120.900002,124.199997
1/25/2022,10:54:00 AM,120.800003,121.500000,118.699997,121.050003,120.800003
1/25/2022,10:55:00 AM,121.650002,121.949997,119.199997,121.050003,121.650002
1/25/2022,10:56:00 AM,120.500000,125.300003,120.199997,124.000000,120.500000
1/25/2022,10:57:00 AM,124.000000,125.150002,122.300003,123.300003,124.000000
1/25/2022,10:58:00 AM,124.250000,124.400002,121.599998,122.300003,124.250000
1/25/2022,10:59:00 AM,122.900002,126.550003,122.650002,125.400002,122.900002
1/25/2022,11:00:00 AM,125.800003,126.650002,123.550003,125.750000,125.800003
1/25/2022,11:01:00 AM,125.400002,126.550003,124.400002,126.099998,125.400002
1/25/2022,11:02:00 AM,126.949997,126.949997,116.300003,123.349998,126.949997
1/25/2022,11:03:00 AM,124.300003,126.650002,118.500000,122.300003,124.300003
1/25/2022,11:04:00 AM,118.900002,130.000000,118.349998,129.350006,118.900002
1/25/2022,11:05:00 AM,123.000000,128.699997,120.800003,126.900002,123.000000
1/25/2022,11:06:00 AM,129.949997,134.000000,128.649994,132.899994,129.949997
1/25/2022,11:07:00 AM,133.750000,136.600006,133.100006,134.149994,133.750000
1/25/2022,11:08:00 AM,131.000000,135.750000,131.000000,134.199997,131.000000
1/25/2022,11:09:00 AM,135.399994,136.750000,132.699997,133.300003,135.399994
1/25/2022,11:10:00 AM,135.449997,138.750000,134.199997,137.399994,135.449997
1/25/2022,11:11:00 AM,138.449997,139.300003,136.199997,137.250000,138.449997
1/25/2022,11:12:00 AM,138.600006,138.899994,133.399994,133.949997,138.600006
1/25/2022,11:13:00 AM,134.449997,134.500000,130.649994,132.199997,134.449997
1/25/2022,11:14:00 AM,132.500000,135.350006,131.800003,133.399994,132.500000
1/25/2022,11:15:00 AM,134.000000,134.899994,131.949997,132.350006,134.000000
1/25/2022,11:16:00 AM,131.800003,133.350006,131.199997,132.350006,131.800003
1/25/2022,11:17:00 AM,133.000000,134.899994,132.649994,134.399994,133.000000
1/25/2022,11:18:00 AM,135.500000,137.800003,135.500000,136.800003,135.500000
1/25/2022,11:19:00 AM,137.699997,138.500000,136.500000,137.699997,137.699997
1/25/2022,11:20:00 AM,137.350006,142.199997,136.899994,141.500000,137.350006
1/25/2022,11:21:00 AM,142.750000,143.899994,140.350006,140.949997,142.750000
1/25/2022,11:22:00 AM,139.899994,140.649994,138.350006,140.149994,139.899994
1/25/2022,11:23:00 AM,140.949997,142.899994,139.250000,139.850006,140.949997
1/25/2022,11:24:00 AM,139.949997,142.899994,139.199997,141.250000,139.949997
1/25/2022,11:25:00 AM,143.250000,144.850006,142.600006,144.149994,143.250000
1/25/2022,11:26:00 AM,147.000000,147.449997,144.399994,147.000000,147.000000
1/25/2022,11:27:00 AM,148.000000,148.600006,144.600006,145.399994,148.000000
1/25/2022,11:28:00 AM,145.800003,150.449997,143.800003,149.899994,145.800003
1/25/2022,11:29:00 AM,149.199997,150.300003,148.600006,149.699997,149.199997
1/25/2022,11:30:00 AM,149.100006,151.649994,148.949997,150.550003,149.100006
1/25/2022,11:31:00 AM,150.300003,150.600006,146.699997,147.149994,150.300003
1/25/2022,11:32:00 AM,148.000000,148.350006,144.000000,145.699997,148.000000
1/25/2022,11:33:00 AM,145.449997,148.000000,144.699997,146.000000,145.449997
1/25/2022,11:34:00 AM,146.899994,148.800003,146.500000,147.500000,146.899994
1/25/2022,11:35:00 AM,148.199997,148.199997,141.550003,142.000000,148.199997
1/25/2022,11:36:00 AM,140.000000,142.550003,138.199997,142.050003,140.000000
1/25/2022,11:37:00 AM,143.000000,145.300003,142.199997,144.399994,143.000000
1/25/2022,11:38:00 AM,145.899994,146.649994,143.050003,144.949997,145.899994
1/25/2022,11:39:00 AM,144.550003,146.699997,143.899994,145.449997,144.550003
1/25/2022,11:40:00 AM,146.550003,148.949997,146.149994,148.100006,146.550003
1/25/2022,11:41:00 AM,147.949997,149.449997,147.350006,147.750000,147.949997
1/25/2022,11:42:00 AM,148.399994,150.600006,145.050003,145.850006,148.399994
1/25/2022,11:43:00 AM,147.350006,148.649994,146.000000,147.000000,147.350006
1/25/2022,11:44:00 AM,147.399994,147.399994,143.199997,146.449997,147.399994
1/25/2022,11:45:00 AM,146.850006,148.949997,145.750000,146.350006,146.850006
1/25/2022,11:46:00 AM,146.899994,147.600006,144.000000,145.300003,146.899994
1/25/2022,11:47:00 AM,145.899994,146.449997,144.500000,144.800003,145.899994
1/25/2022,11:48:00 AM,145.300003,145.949997,144.100006,145.100006,145.300003
1/25/2022,11:49:00 AM,145.899994,150.550003,145.500000,149.399994,145.899994
1/25/2022,11:50:00 AM,149.199997,152.500000,148.649994,151.000000,149.199997
1/25/2022,11:51:00 AM,151.600006,152.100006,148.050003,149.399994,151.600006
1/25/2022,11:52:00 AM,149.850006,151.000000,148.050003,149.399994,149.850006
1/25/2022,11:53:00 AM,150.649994,151.449997,149.449997,151.100006,150.649994
1/25/2022,11:54:00 AM,151.449997,156.000000,150.649994,155.550003,151.449997
1/25/2022,11:55:00 AM,155.949997,159.949997,155.649994,159.449997,155.949997
1/25/2022,11:56:00 AM,159.899994,161.750000,158.199997,159.050003,159.899994
1/25/2022,11:57:00 AM,158.899994,164.600006,158.399994,164.199997,158.899994
1/25/2022,11:58:00 AM,164.199997,166.350006,161.250000,162.649994,164.199997
1/25/2022,11:59:00 AM,163.899994,164.449997,161.100006,162.000000,163.899994
1/25/2022,12:00:00 PM,163.550003,165.550003,162.199997,164.449997,163.550003
1/25/2022,12:01:00 PM,164.750000,166.199997,160.500000,161.449997,164.750000
1/25/2022,12:02:00 PM,162.399994,164.550003,160.800003,163.750000,162.399994
1/25/2022,12:03:00 PM,163.949997,165.500000,163.149994,163.949997,163.949997
1/25/2022,12:04:00 PM,164.750000,165.800003,163.550003,165.350006,164.750000
1/25/2022,12:05:00 PM,166.350006,167.500000,164.750000,165.550003,166.350006
1/25/2022,12:06:00 PM,165.550003,165.649994,161.550003,162.100006,165.550003
1/25/2022,12:07:00 PM,162.949997,163.899994,160.250000,160.649994,162.949997
1/25/2022,12:08:00 PM,161.500000,162.250000,160.300003,161.850006,161.500000
1/25/2022,12:09:00 PM,162.449997,162.449997,153.500000,155.149994,162.449997
1/25/2022,12:10:00 PM,154.750000,157.550003,148.550003,151.000000,154.750000
1/25/2022,12:11:00 PM,151.449997,153.949997,149.649994,152.699997,151.449997
1/25/2022,12:12:00 PM,153.250000,155.000000,152.050003,154.300003,153.250000
1/25/2022,12:13:00 PM,155.100006,155.350006,146.750000,148.399994,155.100006
1/25/2022,12:14:00 PM,147.949997,147.949997,133.350006,134.300003,147.949997
1/25/2022,12:15:00 PM,132.750000,146.000000,132.149994,140.899994,132.750000
1/25/2022,12:16:00 PM,141.600006,146.000000,141.050003,145.350006,141.600006
1/25/2022,12:17:00 PM,146.800003,148.750000,143.050003,144.500000,146.800003
1/25/2022,12:18:00 PM,145.800003,146.000000,143.199997,145.100006,145.800003
1/25/2022,12:19:00 PM,146.199997,147.500000,145.149994,146.600006,146.199997
1/25/2022,12:20:00 PM,147.500000,150.500000,146.100006,149.550003,147.500000
1/25/2022,12:21:00 PM,148.100006,150.300003,147.100006,149.399994,148.100006
1/25/2022,12:22:00 PM,150.750000,151.250000,147.500000,148.050003,150.750000
1/25/2022,12:23:00 PM,148.800003,152.000000,148.750000,150.850006,148.800003
1/25/2022,12:24:00 PM,151.399994,151.800003,146.550003,146.899994,151.399994
1/25/2022,12:25:00 PM,145.550003,147.500000,141.699997,146.199997,145.550003
1/25/2022,12:26:00 PM,147.750000,149.899994,144.500000,149.050003,147.750000
1/25/2022,12:27:00 PM,149.750000,150.449997,147.199997,147.800003,149.750000
1/25/2022,12:28:00 PM,146.550003,147.449997,144.500000,145.000000,146.550003
1/25/2022,12:29:00 PM,145.000000,145.100006,140.500000,142.199997,145.000000
1/25/2022,12:30:00 PM,142.100006,144.899994,141.199997,144.149994,142.100006
1/25/2022,12:31:00 PM,144.399994,146.149994,141.850006,142.649994,144.399994
1/25/2022,12:32:00 PM,142.649994,146.149994,141.500000,144.949997,142.649994
1/25/2022,12:33:00 PM,145.199997,145.199997,141.750000,142.250000,145.199997
1/25/2022,12:34:00 PM,142.250000,143.500000,138.449997,138.899994,142.250000
1/25/2022,12:35:00 PM,139.000000,139.500000,135.550003,136.500000,139.000000
1/25/2022,12:36:00 PM,136.949997,138.300003,136.000000,137.000000,136.949997
1/25/2022,12:37:00 PM,137.050003,138.550003,134.649994,135.100006,137.050003
1/25/2022,12:38:00 PM,136.149994,136.899994,133.500000,136.399994,136.149994
1/25/2022,12:39:00 PM,136.149994,136.149994,131.350006,132.000000,136.149994
1/25/2022,12:40:00 PM,132.500000,134.149994,131.300003,132.600006,132.500000
1/25/2022,12:41:00 PM,132.500000,132.850006,127.250000,129.350006,132.500000
1/25/2022,12:42:00 PM,128.699997,129.800003,123.250000,124.099998,128.699997
1/25/2022,12:43:00 PM,125.900002,127.199997,124.599998,125.800003,125.900002
1/25/2022,12:44:00 PM,126.800003,129.949997,126.099998,127.300003,126.800003
1/25/2022,12:45:00 PM,127.699997,130.300003,124.400002,129.500000,127.699997
1/25/2022,12:46:00 PM,129.300003,129.500000,126.550003,127.849998,129.300003
1/25/2022,12:47:00 PM,127.849998,127.849998,124.699997,125.000000,127.849998
1/25/2022,12:48:00 PM,125.199997,133.899994,125.050003,132.300003,125.199997
1/25/2022,12:49:00 PM,134.000000,135.600006,130.000000,130.899994,134.000000
1/25/2022,12:50:00 PM,131.550003,135.000000,131.500000,133.949997,131.550003
1/25/2022,12:51:00 PM,134.050003,135.600006,132.199997,133.149994,134.050003
1/25/2022,12:52:00 PM,134.199997,137.100006,133.600006,133.949997,134.199997
1/25/2022,12:53:00 PM,135.250000,136.250000,132.050003,132.500000,135.250000
1/25/2022,12:54:00 PM,133.050003,133.449997,120.400002,125.699997,133.050003
1/25/2022,12:55:00 PM,126.000000,133.899994,125.699997,128.550003,126.000000
1/25/2022,12:56:00 PM,129.750000,129.750000,109.300003,110.550003,129.750000
1/25/2022,12:57:00 PM,112.349998,113.550003,105.000000,105.699997,112.349998
1/25/2022,12:58:00 PM,106.500000,110.000000,105.800003,107.449997,106.500000
1/25/2022,12:59:00 PM,109.000000,110.400002,107.900002,109.099998,109.000000
1/25/2022,1:00:00 PM,109.300003,113.250000,109.250000,112.750000,109.300003
1/25/2022,1:01:00 PM,113.500000,113.650002,109.599998,110.150002,113.500000
1/25/2022,1:02:00 PM,110.650002,113.000000,110.500000,112.050003,110.650002
1/25/2022,1:03:00 PM,112.300003,113.500000,111.199997,112.849998,112.300003
1/25/2022,1:04:00 PM,112.949997,114.699997,111.699997,113.000000,112.949997
1/25/2022,1:05:00 PM,112.699997,113.449997,110.900002,112.800003,112.699997
1/25/2022,1:06:00 PM,112.400002,119.400002,112.000000,118.900002,112.400002
1/25/2022,1:07:00 PM,119.199997,121.349998,116.300003,120.250000,119.199997
1/25/2022,1:08:00 PM,121.500000,123.449997,117.699997,118.199997,121.500000
1/25/2022,1:09:00 PM,118.500000,119.800003,116.750000,118.250000,118.500000
1/25/2022,1:10:00 PM,118.900002,121.300003,118.300003,119.550003,118.900002
1/25/2022,1:11:00 PM,120.000000,126.699997,119.050003,125.699997,120.000000
1/25/2022,1:12:00 PM,126.000000,129.750000,124.750000,129.250000,126.000000
1/25/2022,1:13:00 PM,129.000000,131.649994,126.500000,127.550003,129.000000
1/25/2022,1:14:00 PM,126.750000,128.550003,124.900002,125.500000,126.750000
1/25/2022,1:15:00 PM,125.900002,127.199997,123.750000,126.000000,125.900002
1/25/2022,1:16:00 PM,125.449997,128.000000,125.050003,126.199997,125.449997
1/25/2022,1:17:00 PM,126.599998,129.199997,126.599998,128.350006,126.599998
1/25/2022,1:18:00 PM,128.949997,130.199997,127.349998,128.300003,128.949997
1/25/2022,1:19:00 PM,128.500000,129.600006,127.599998,128.699997,128.500000
1/25/2022,1:20:00 PM,129.000000,132.899994,127.750000,132.300003,129.000000
1/25/2022,1:21:00 PM,131.949997,133.350006,128.600006,129.199997,131.949997
1/25/2022,1:22:00 PM,130.100006,133.449997,129.600006,132.850006,130.100006
1/25/2022,1:23:00 PM,134.000000,134.649994,131.750000,132.350006,134.000000
1/25/2022,1:24:00 PM,132.600006,133.350006,131.149994,131.899994,132.600006
1/25/2022,1:25:00 PM,132.000000,132.699997,130.550003,130.850006,132.000000
1/25/2022,1:26:00 PM,131.100006,131.750000,127.800003,129.050003,131.100006
1/25/2022,1:27:00 PM,132.899994,135.000000,132.300003,133.449997,132.899994
1/25/2022,1:28:00 PM,133.949997,134.300003,125.750000,127.849998,133.949997
1/25/2022,1:29:00 PM,127.849998,129.000000,124.550003,127.449997,127.849998
1/25/2022,1:30:00 PM,128.699997,130.449997,127.750000,129.699997,128.699997
1/25/2022,1:31:00 PM,130.550003,132.649994,129.800003,132.000000,130.550003
1/25/2022,1:32:00 PM,131.050003,131.800003,129.050003,129.649994,131.050003
1/25/2022,1:33:00 PM,130.250000,131.350006,127.050003,127.750000,130.250000
1/25/2022,1:34:00 PM,127.900002,128.649994,124.750000,127.849998,127.900002
1/25/2022,1:35:00 PM,129.100006,133.149994,129.100006,131.250000,129.100006
1/25/2022,1:36:00 PM,130.600006,130.600006,127.099998,127.449997,130.600006
1/25/2022,1:37:00 PM,127.750000,128.800003,125.800003,126.400002,127.750000
1/25/2022,1:38:00 PM,127.300003,127.949997,125.000000,125.800003,127.300003
1/25/2022,1:39:00 PM,126.900002,128.050003,113.300003,122.300003,126.900002
1/25/2022,1:40:00 PM,122.300003,122.949997,117.849998,120.349998,122.300003
1/25/2022,1:41:00 PM,119.949997,123.449997,117.900002,121.900002,119.949997
1/25/2022,1:42:00 PM,122.250000,123.300003,119.500000,120.650002,122.250000
1/25/2022,1:43:00 PM,121.400002,122.900002,119.800003,120.400002,121.400002
1/25/2022,1:44:00 PM,121.250000,122.000000,117.550003,119.099998,121.250000
1/25/2022,1:45:00 PM,118.699997,121.050003,112.250000,120.150002,118.699997
1/25/2022,1:46:00 PM,120.800003,121.400002,118.599998,119.150002,120.800003
1/25/2022,1:47:00 PM,117.400002,120.000000,115.199997,118.050003,117.400002
1/25/2022,1:48:00 PM,117.099998,117.949997,101.650002,107.750000,117.099998
1/25/2022,1:49:00 PM,107.750000,111.900002,104.099998,109.150002,107.750000
1/25/2022,1:50:00 PM,110.000000,111.650002,107.300003,110.849998,110.000000
1/25/2022,1:51:00 PM,110.900002,115.400002,110.550003,114.550003,110.900002
1/25/2022,1:52:00 PM,109.699997,114.199997,108.250000,111.800003,109.699997
1/25/2022,1:53:00 PM,113.699997,118.500000,112.550003,115.800003,113.699997
1/25/2022,1:54:00 PM,117.349998,117.900002,115.500000,117.050003,117.349998
1/25/2022,1:55:00 PM,118.250000,121.900002,117.599998,120.550003,118.250000
1/25/2022,1:56:00 PM,122.000000,123.099998,112.550003,114.300003,122.000000
1/25/2022,1:57:00 PM,114.199997,115.349998,111.800003,112.500000,114.199997
1/25/2022,1:58:00 PM,114.250000,115.199997,112.050003,112.800003,114.250000
1/25/2022,1:59:00 PM,112.400002,113.349998,109.800003,111.449997,112.400002
1/25/2022,2:00:00 PM,113.000000,118.000000,112.050003,116.800003,113.000000
1/25/2022,2:01:00 PM,113.599998,115.400002,111.449997,112.849998,113.599998
1/25/2022,2:02:00 PM,112.900002,114.650002,111.099998,113.150002,112.900002
1/25/2022,2:03:00 PM,113.500000,115.699997,111.599998,115.250000,113.500000
1/25/2022,2:04:00 PM,114.500000,116.750000,114.199997,115.000000,114.500000
1/25/2022,2:05:00 PM,115.000000,115.900002,112.199997,114.699997,115.000000
1/25/2022,2:06:00 PM,115.500000,116.849998,112.349998,113.349998,115.500000
1/25/2022,2:07:00 PM,114.400002,118.449997,113.800003,117.699997,114.400002
1/25/2022,2:08:00 PM,117.650002,121.849998,116.199997,120.699997,117.650002
1/25/2022,2:09:00 PM,121.349998,122.150002,118.699997,120.900002,121.349998
1/25/2022,2:10:00 PM,122.750000,122.849998,121.500000,121.849998,122.750000
1/25/2022,2:11:00 PM,122.400002,122.400002,117.800003,118.250000,122.400002
1/25/2022,2:12:00 PM,118.599998,119.349998,116.050003,118.300003,118.599998
1/25/2022,2:13:00 PM,118.250000,119.349998,117.099998,119.000000,118.250000
1/25/2022,2:14:00 PM,113.400002,114.000000,106.000000,106.500000,113.400002
1/25/2022,2:15:00 PM,107.500000,108.050003,105.500000,106.099998,107.500000
1/25/2022,2:16:00 PM,106.550003,107.500000,105.050003,105.550003,106.550003
1/25/2022,2:17:00 PM,105.949997,109.500000,105.500000,108.800003,105.949997
1/25/2022,2:18:00 PM,108.900002,110.250000,106.849998,107.650002,108.900002
1/25/2022,2:19:00 PM,107.599998,110.900002,107.199997,110.300003,107.599998
1/25/2022,2:20:00 PM,110.300003,111.349998,109.000000,109.300003,110.300003
1/25/2022,2:21:00 PM,109.900002,110.599998,107.000000,108.900002,109.900002
1/25/2022,2:22:00 PM,108.500000,110.699997,108.349998,110.300003,108.500000
1/25/2022,2:23:00 PM,110.449997,111.500000,108.000000,108.349998,110.449997
1/25/2022,2:24:00 PM,109.150002,111.050003,108.550003,110.150002,109.150002
1/25/2022,2:25:00 PM,110.250000,112.650002,110.250000,112.349998,110.250000
1/25/2022,2:26:00 PM,112.449997,112.449997,106.000000,107.150002,112.449997
1/25/2022,2:27:00 PM,107.199997,108.250000,106.400002,107.300003,107.199997
1/25/2022,2:28:00 PM,106.650002,106.900002,102.650002,103.599998,106.650002
1/25/2022,2:29:00 PM,102.349998,102.699997,101.099998,102.099998,102.349998
1/25/2022,2:30:00 PM,102.400002,103.699997,101.250000,102.900002,102.400002
1/25/2022,2:31:00 PM,101.000000,101.500000,97.699997,100.449997,101.000000
1/25/2022,2:32:00 PM,98.750000,104.300003,98.400002,103.199997,98.750000
1/25/2022,2:33:00 PM,104.199997,106.849998,104.050003,105.150002,104.199997
1/25/2022,2:34:00 PM,106.949997,106.949997,103.750000,104.400002,106.949997
1/25/2022,2:35:00 PM,103.650002,105.050003,103.000000,104.050003,103.650002
1/25/2022,2:36:00 PM,104.750000,106.300003,104.400002,106.000000,104.750000
1/25/2022,2:37:00 PM,105.400002,105.800003,104.000000,104.800003,105.400002
1/25/2022,2:38:00 PM,105.099998,108.500000,105.099998,107.699997,105.099998
1/25/2022,2:39:00 PM,107.349998,108.900002,105.849998,106.150002,107.349998
1/25/2022,2:40:00 PM,106.449997,107.000000,103.550003,105.349998,106.449997
1/25/2022,2:41:00 PM,105.449997,105.449997,103.750000,104.599998,105.449997
1/25/2022,2:42:00 PM,104.000000,104.300003,102.000000,103.900002,104.000000
1/25/2022,2:43:00 PM,104.800003,105.000000,102.699997,103.000000,104.800003
1/25/2022,2:44:00 PM,103.050003,104.400002,102.550003,102.750000,103.050003
1/25/2022,2:45:00 PM,103.900002,103.900002,102.199997,102.500000,103.900002
1/25/2022,2:46:00 PM,102.849998,102.900002,100.849998,102.500000,102.849998
1/25/2022,2:47:00 PM,102.050003,102.300003,99.000000,99.949997,102.050003
1/25/2022,2:48:00 PM,99.750000,100.300003,97.900002,98.150002,99.750000
1/25/2022,2:49:00 PM,98.150002,98.750000,96.000000,96.800003,98.150002
1/25/2022,2:50:00 PM,98.000000,98.050003,93.050003,93.449997,98.000000
1/25/2022,2:51:00 PM,93.199997,94.150002,92.449997,93.050003,93.199997
1/25/2022,2:52:00 PM,94.199997,95.599998,93.349998,94.449997,94.199997
1/25/2022,2:53:00 PM,96.599998,96.599998,94.800003,95.000000,96.599998
1/25/2022,2:54:00 PM,95.150002,95.449997,93.699997,94.300003,95.150002
1/25/2022,2:55:00 PM,94.300003,94.300003,92.699997,93.500000,94.300003
1/25/2022,2:56:00 PM,93.500000,94.449997,93.250000,93.599998,93.500000
1/25/2022,2:57:00 PM,93.500000,94.300003,93.449997,93.949997,93.500000
1/25/2022,2:58:00 PM,94.150002,94.449997,93.050003,93.250000,94.150002
1/25/2022,2:59:00 PM,93.349998,93.550003,92.000000,92.300003,93.349998
1/25/2022,3:00:00 PM,92.349998,92.599998,90.349998,90.599998,92.349998
1/25/2022,3:01:00 PM,89.250000,89.400002,86.500000,87.949997,89.250000
1/25/2022,3:02:00 PM,87.900002,89.500000,87.199997,89.150002,87.900002
1/25/2022,3:03:00 PM,89.150002,89.250000,84.500000,84.800003,89.150002
1/25/2022,3:04:00 PM,85.300003,85.849998,82.199997,82.599998,85.300003
1/25/2022,3:05:00 PM,82.599998,83.500000,80.800003,83.000000,82.599998
1/25/2022,3:06:00 PM,83.000000,83.599998,81.650002,82.300003,83.000000
1/25/2022,3:07:00 PM,82.500000,83.050003,80.699997,80.949997,82.500000
1/25/2022,3:08:00 PM,81.300003,82.199997,79.550003,81.300003,81.300003
1/25/2022,3:09:00 PM,81.750000,87.199997,80.849998,83.550003,81.750000
1/25/2022,3:10:00 PM,84.099998,84.300003,81.550003,82.300003,84.099998
1/25/2022,3:11:00 PM,82.000000,83.400002,81.199997,82.150002,82.000000
1/25/2022,3:12:00 PM,82.300003,83.150002,80.500000,82.550003,82.300003
1/25/2022,3:13:00 PM,82.650002,88.500000,82.400002,87.750000,82.650002
1/25/2022,3:14:00 PM,88.000000,88.050003,85.599998,87.050003,88.000000
1/25/2022,3:15:00 PM,86.800003,86.800003,82.599998,83.099998,86.800003
1/25/2022,3:16:00 PM,83.000000,83.550003,81.000000,81.199997,83.000000
1/25/2022,3:17:00 PM,78.500000,87.099998,77.750000,84.449997,78.500000
1/25/2022,3:18:00 PM,81.800003,82.349998,78.000000,79.949997,81.800003
1/25/2022,3:19:00 PM,79.800003,79.949997,77.599998,79.199997,79.800003
1/25/2022,3:20:00 PM,80.000000,81.199997,78.500000,79.199997,80.000000
1/25/2022,3:21:00 PM,79.800003,81.500000,79.800003,80.949997,79.800003
1/25/2022,3:22:00 PM,81.500000,81.650002,80.199997,81.150002,81.500000
1/25/2022,3:23:00 PM,81.000000,82.849998,80.750000,81.849998,81.000000
1/25/2022,3:24:00 PM,82.449997,83.500000,81.750000,83.250000,82.449997
1/25/2022,3:25:00 PM,82.349998,83.750000,80.500000,83.300003,82.349998
1/25/2022,3:26:00 PM,83.650002,85.699997,82.349998,84.849998,83.650002
1/25/2022,3:27:00 PM,85.900002,87.000000,85.199997,86.500000,85.900002
1/25/2022,3:28:00 PM,87.400002,87.900002,84.400002,86.599998,87.400002
1/25/2022,3:29:00 PM,86.699997,91.000000,85.800003,90.500000,86.699997
1/25/2022,3:30:00 PM,91.949997,92.849998,89.900002,90.599998,91.949997
1/25/2022,3:31:00 PM,90.949997,92.099998,89.400002,90.900002,90.949997
1/25/2022,3:32:00 PM,90.900002,90.949997,89.300003,89.650002,90.900002
1/25/2022,3:33:00 PM,90.800003,93.599998,90.099998,93.050003,90.800003
1/25/2022,3:34:00 PM,94.050003,95.500000,92.599998,92.949997,94.050003
1/25/2022,3:35:00 PM,92.949997,94.400002,92.000000,93.800003,92.949997
1/25/2022,3:36:00 PM,94.099998,94.500000,92.849998,93.949997,94.099998
1/25/2022,3:37:00 PM,93.949997,95.000000,93.650002,94.099998,93.949997
1/25/2022,3:38:00 PM,94.300003,94.449997,91.150002,92.400002,94.300003
1/25/2022,3:39:00 PM,92.400002,92.650002,90.900002,91.400002,92.400002
1/25/2022,3:40:00 PM,91.500000,91.800003,90.050003,90.849998,91.500000
1/25/2022,3:41:00 PM,91.000000,92.000000,89.250000,89.599998,91.000000
1/25/2022,3:42:00 PM,89.000000,89.250000,87.300003,87.500000,89.000000
1/25/2022,3:43:00 PM,87.599998,88.099998,85.349998,86.300003,87.599998
1/25/2022,3:44:00 PM,86.699997,87.750000,85.099998,85.449997,86.699997
1/25/2022,3:45:00 PM,85.599998,89.699997,85.300003,88.599998,85.599998
1/25/2022,3:46:00 PM,92.199997,92.900002,90.099998,90.349998,92.199997
1/25/2022,3:47:00 PM,90.800003,91.250000,88.599998,89.550003,90.800003
1/25/2022,3:48:00 PM,89.800003,90.800003,87.500000,87.800003,89.800003
1/25/2022,3:49:00 PM,87.500000,88.800003,87.000000,87.449997,87.500000
1/25/2022,3:50:00 PM,87.900002,88.500000,86.900002,87.750000,87.900002
1/25/2022,3:51:00 PM,88.250000,88.949997,86.800003,87.250000,88.250000
1/25/2022,3:52:00 PM,87.300003,92.800003,86.199997,91.699997,87.300003
1/25/2022,3:53:00 PM,91.900002,92.300003,90.400002,91.550003,91.900002
1/25/2022,3:54:00 PM,91.599998,95.000000,91.300003,94.500000,91.599998
1/25/2022,3:55:00 PM,94.400002,96.300003,93.400002,95.650002,94.400002
1/25/2022,3:56:00 PM,97.000000,97.300003,95.099998,95.750000,97.000000
1/25/2022,3:57:00 PM,96.099998,97.750000,95.599998,96.349998,96.099998
1/25/2022,3:58:00 PM,97.000000,97.199997,94.050003,95.750000,97.000000
1/25/2022,3:59:00 PM,95.800003,95.849998,91.800003,92.150002,95.800003
1/25/2022,4:00:00 PM,92.500000,93.250000,91.199997,91.550003,92.500000
1/25/2022,4:01:00 PM,91.599998,92.500000,90.550003,91.250000,91.599998
1/25/2022,4:02:00 PM,91.449997,92.500000,89.550003,89.849998,91.449997
1/25/2022,4:03:00 PM,89.750000,90.150002,88.099998,88.500000,89.750000
1/25/2022,4:04:00 PM,87.900002,88.349998,85.300003,86.949997,87.900002
1/25/2022,4:05:00 PM,87.099998,91.800003,85.800003,89.550003,87.099998
1/25/2022,4:06:00 PM,90.000000,91.000000,88.599998,89.599998,90.000000
1/25/2022,4:07:00 PM,88.949997,89.400002,87.750000,88.050003,88.949997
1/25/2022,4:08:00 PM,88.699997,88.800003,85.599998,85.949997,88.699997
1/25/2022,4:09:00 PM,85.349998,86.400002,84.949997,85.949997,85.349998
1/25/2022,4:10:00 PM,85.599998,85.949997,83.000000,84.849998,85.599998
1/25/2022,4:11:00 PM,84.849998,86.250000,84.849998,85.900002,84.849998
1/25/2022,4:12:00 PM,85.800003,86.500000,82.599998,83.000000,85.800003
1/25/2022,4:13:00 PM,83.000000,85.599998,82.050003,84.599998,83.000000
1/25/2022,4:14:00 PM,85.000000,85.800003,81.449997,81.949997,85.000000
1/25/2022,4:15:00 PM,81.949997,83.949997,81.400002,82.900002,81.949997
1/25/2022,4:16:00 PM,83.099998,85.050003,82.599998,84.500000,83.099998
1/25/2022,4:17:00 PM,87.800003,88.300003,86.199997,87.550003,87.800003
1/25/2022,4:18:00 PM,88.400002,89.800003,87.199997,88.250000,88.400002
1/25/2022,4:19:00 PM,88.849998,89.000000,85.900002,87.849998,88.849998
1/25/2022,4:20:00 PM,90.000000,91.849998,88.400002,88.849998,90.000000
1/25/2022,4:21:00 PM,88.849998,95.000000,88.849998,93.800003,88.849998
1/25/2022,4:22:00 PM,91.699997,91.750000,89.550003,91.150002,91.699997
1/25/2022,4:23:00 PM,92.000000,93.849998,90.800003,91.199997,92.000000
1/25/2022,4:24:00 PM,90.800003,91.000000,89.050003,89.699997,90.800003
1/25/2022,4:25:00 PM,89.900002,90.750000,89.199997,90.449997,89.900002
1/25/2022,4:26:00 PM,90.449997,90.550003,87.650002,88.849998,90.449997
1/25/2022,4:27:00 PM,88.849998,92.300003,87.800003,91.849998,88.849998
1/25/2022,4:28:00 PM,91.849998,93.750000,91.349998,93.050003,91.849998
1/25/2022,4:29:00 PM,93.050003,93.150002,90.400002,91.300003,93.050003
1/25/2022,4:30:00 PM,91.150002,91.750000,89.099998,90.000000,91.150002
1/25/2022,4:31:00 PM,91.449997,91.599998,89.250000,90.699997,91.449997
1/25/2022,4:32:00 PM,90.900002,91.750000,89.750000,91.199997,90.900002
1/25/2022,4:33:00 PM,90.599998,91.300003,88.849998,89.250000,90.599998
1/25/2022,4:34:00 PM,89.050003,89.199997,87.050003,88.099998,89.050003
1/25/2022,4:35:00 PM,87.599998,88.800003,87.199997,87.650002,87.599998
1/25/2022,4:36:00 PM,87.500000,87.650002,83.150002,83.650002,87.500000
1/25/2022,4:37:00 PM,82.699997,84.650002,82.650002,83.650002,82.699997
1/25/2022,4:38:00 PM,84.150002,84.800003,81.750000,82.900002,84.150002
1/25/2022,4:39:00 PM,80.699997,88.550003,80.400002,87.800003,80.699997
1/25/2022,4:40:00 PM,86.949997,87.599998,85.750000,86.500000,86.949997
1/25/2022,4:41:00 PM,86.650002,87.199997,85.199997,85.800003,86.650002
1/25/2022,4:42:00 PM,85.800003,89.900002,85.099998,85.699997,85.800003
1/25/2022,4:43:00 PM,85.650002,86.400002,84.800003,85.699997,85.650002
1/25/2022,4:44:00 PM,86.050003,88.449997,85.800003,88.000000,86.050003
1/25/2022,4:45:00 PM,88.650002,88.650002,86.250000,87.250000,88.650002
1/25/2022,4:46:00 PM,87.849998,88.500000,86.500000,87.099998,87.849998
1/25/2022,4:47:00 PM,87.050003,88.099998,86.099998,87.849998,87.050003
1/25/2022,4:48:00 PM,88.000000,91.000000,87.900002,90.300003,88.000000
1/25/2022,4:49:00 PM,90.099998,90.550003,88.900002,89.949997,90.099998
1/25/2022,4:50:00 PM,90.050003,90.449997,86.500000,87.050003,90.050003
1/25/2022,4:51:00 PM,86.000000,86.199997,83.699997,84.800003,86.000000
1/25/2022,4:52:00 PM,85.099998,86.199997,82.849998,83.800003,85.099998
1/25/2022,4:53:00 PM,84.000000,85.650002,83.550003,84.800003,84.000000
1/25/2022,4:54:00 PM,85.949997,85.949997,83.250000,85.150002,85.949997
1/25/2022,4:55:00 PM,84.599998,85.650002,83.699997,84.900002,84.599998
1/25/2022,4:56:00 PM,85.400002,86.150002,84.800003,85.449997,85.400002
1/25/2022,4:57:00 PM,82.449997,86.650002,82.199997,86.349998,82.449997
1/25/2022,4:58:00 PM,85.500000,86.650002,85.000000,85.449997,85.500000
1/25/2022,4:59:00 PM,85.449997,85.449997,81.050003,81.449997,85.449997
1/25/2022,5:00:00 PM,82.000000,82.449997,79.000000,79.349998,82.000000
1/25/2022,5:01:00 PM,79.849998,80.500000,78.150002,79.349998,79.849998
1/25/2022,5:02:00 PM,77.800003,77.800003,74.599998,75.000000,77.800003
1/25/2022,5:03:00 PM,74.849998,75.300003,71.900002,72.550003,74.849998
1/25/2022,5:04:00 PM,72.550003,73.199997,71.550003,72.300003,72.550003
1/25/2022,5:05:00 PM,72.500000,74.900002,72.349998,74.199997,72.500000
1/25/2022,5:06:00 PM,74.099998,74.150002,70.699997,71.650002,74.099998
1/25/2022,5:07:00 PM,71.500000,72.449997,68.000000,68.550003,71.500000
1/25/2022,5:08:00 PM,67.949997,70.849998,67.550003,69.849998,67.949997
1/25/2022,5:09:00 PM,69.900002,73.150002,67.150002,68.849998,69.900002
1/25/2022,5:10:00 PM,68.699997,68.800003,60.849998,64.400002,68.699997
1/25/2022,5:11:00 PM,63.900002,64.300003,61.650002,63.950001,63.900002
1/25/2022,5:12:00 PM,63.400002,65.099998,62.700001,63.450001,63.400002
1/25/2022,5:13:00 PM,63.500000,64.500000,60.700001,61.150002,63.500000
1/25/2022,5:14:00 PM,61.650002,63.950001,60.799999,63.549999,61.650002
1/25/2022,5:15:00 PM,64.150002,65.849998,63.150002,64.300003,64.150002
1/25/2022,5:16:00 PM,64.500000,64.650002,61.299999,61.549999,64.500000
1/25/2022,5:17:00 PM,62.000000,63.599998,60.299999,62.549999,62.000000
1/25/2022,5:18:00 PM,61.799999,64.449997,61.349998,63.650002,61.799999
1/25/2022,5:19:00 PM,63.750000,65.250000,63.400002,64.500000,63.750000
1/25/2022,5:20:00 PM,64.500000,64.599998,63.000000,63.849998,64.500000
1/25/2022,5:21:00 PM,64.000000,64.050003,61.250000,61.900002,64.000000
1/25/2022,5:22:00 PM,62.299999,62.500000,57.400002,57.900002,62.299999
1/25/2022,5:23:00 PM,57.250000,60.700001,56.950001,60.250000,57.250000
1/25/2022,5:24:00 PM,65.000000,66.250000,59.599998,63.150002,65.000000
1/25/2022,5:25:00 PM,63.450001,68.050003,63.299999,66.650002,63.450001
1/25/2022,5:26:00 PM,67.000000,67.550003,65.650002,66.750000,67.000000
1/25/2022,5:27:00 PM,65.900002,66.300003,64.349998,65.750000,65.900002
1/25/2022,5:28:00 PM,65.650002,65.900002,63.049999,64.449997,65.650002
1/25/2022,5:29:00 PM,63.500000,66.699997,61.799999,65.349998,63.500000
1/25/2022,5:30:00 PM,64.650002,64.900002,61.150002,62.599998,64.650002
1/25/2022,5:31:00 PM,62.599998,63.500000,62.299999,63.049999,62.599998
1/25/2022,5:32:00 PM,62.500000,64.400002,62.250000,63.900002,62.500000
1/25/2022,5:33:00 PM,62.599998,63.349998,62.000000,62.900002,62.599998
1/25/2022,5:34:00 PM,62.000000,64.699997,60.200001,63.700001,62.000000
1/25/2022,5:35:00 PM,63.549999,64.699997,62.099998,62.500000,63.549999
1/25/2022,5:36:00 PM,62.500000,64.199997,62.349998,63.450001,62.500000
1/25/2022,5:37:00 PM,62.750000,63.450001,62.250000,62.450001,62.750000
1/25/2022,5:38:00 PM,63.049999,63.150002,59.700001,59.950001,63.049999
1/25/2022,5:39:00 PM,60.349998,60.799999,57.450001,59.650002,60.349998
1/25/2022,5:40:00 PM,59.900002,59.900002,58.000000,58.400002,59.900002
1/25/2022,5:41:00 PM,58.750000,70.150002,57.700001,69.199997,58.750000
1/25/2022,5:42:00 PM,72.599998,83.000000,71.550003,74.650002,72.599998
1/25/2022,5:43:00 PM,76.699997,77.599998,73.300003,75.150002,76.699997
1/25/2022,5:44:00 PM,74.750000,75.449997,70.300003,70.750000,74.750000
1/25/2022,5:45:00 PM,71.000000,74.099998,70.050003,73.500000,71.000000
1/25/2022,5:46:00 PM,73.000000,73.000000,71.150002,71.900002,73.000000
1/25/2022,5:47:00 PM,72.099998,72.250000,65.900002,68.699997,72.099998
1/25/2022,5:48:00 PM,68.000000,69.750000,65.000000,65.949997,68.000000
1/25/2022,5:49:00 PM,65.000000,68.349998,64.349998,67.650002,65.000000
1/25/2022,5:50:00 PM,67.849998,72.650002,66.800003,68.050003,67.849998
1/25/2022,5:51:00 PM,66.000000,66.650002,63.500000,64.400002,66.000000
1/25/2022,5:52:00 PM,64.599998,69.750000,64.449997,69.050003,64.599998
1/25/2022,5:53:00 PM,68.500000,70.750000,67.550003,68.849998,68.500000
1/25/2022,5:54:00 PM,68.900002,69.500000,66.800003,68.650002,68.900002
1/25/2022,5:55:00 PM,68.849998,69.699997,66.699997,67.599998,68.849998
1/25/2022,5:56:00 PM,68.000000,69.650002,67.349998,69.099998,68.000000
1/25/2022,5:57:00 PM,70.000000,71.949997,69.099998,71.650002,70.000000
1/25/2022,5:58:00 PM,71.400002,74.099998,71.000000,73.500000,71.400002
1/25/2022,5:59:00 PM,73.800003,78.250000,73.050003,77.500000,73.800003
1/25/2022,6:00:00 PM,77.050003,77.150002,75.150002,76.050003,77.050003
1/25/2022,6:01:00 PM,75.949997,76.550003,73.699997,75.300003,75.949997
1/25/2022,6:02:00 PM,75.400002,77.250000,74.750000,75.849998,75.400002
1/25/2022,6:03:00 PM,75.599998,75.650002,73.150002,74.699997,75.599998
1/25/2022,6:04:00 PM,75.949997,76.849998,75.000000,75.849998,75.949997
1/25/2022,6:05:00 PM,76.000000,80.849998,75.699997,79.250000,76.000000
1/25/2022,6:06:00 PM,79.900002,80.349998,77.550003,78.199997,79.900002
1/25/2022,6:07:00 PM,78.500000,79.099998,76.300003,76.750000,78.500000
1/25/2022,6:08:00 PM,76.750000,77.449997,75.199997,75.949997,76.750000
1/25/2022,6:09:00 PM,75.050003,76.699997,74.000000,75.199997,75.050003
1/25/2022,6:10:00 PM,75.150002,76.650002,74.699997,74.949997,75.150002
1/25/2022,6:11:00 PM,74.500000,77.449997,74.400002,76.800003,74.500000
1/25/2022,6:12:00 PM,76.500000,77.150002,75.150002,76.699997,76.500000
1/25/2022,6:13:00 PM,76.050003,79.250000,75.699997,76.550003,76.050003
1/25/2022,6:14:00 PM,71.000000,79.949997,71.000000,79.199997,71.000000
1/25/2022,6:15:00 PM,78.500000,82.650002,77.199997,80.599998,78.500000
1/25/2022,6:16:00 PM,80.199997,80.400002,77.400002,79.000000,80.199997
1/25/2022,6:17:00 PM,82.900002,83.400002,78.900002,79.500000,82.900002
1/25/2022,6:18:00 PM,80.199997,82.599998,78.800003,82.150002,80.199997
1/25/2022,6:19:00 PM,82.300003,82.449997,80.199997,82.000000,82.300003
1/25/2022,6:20:00 PM,81.800003,84.699997,81.000000,83.000000,81.800003
1/25/2022,6:21:00 PM,83.000000,84.199997,82.150002,82.500000,83.000000
1/25/2022,6:22:00 PM,82.449997,82.750000,80.699997,81.349998,82.449997
1/25/2022,6:23:00 PM,81.800003,83.650002,81.349998,83.349998,81.800003
1/25/2022,6:24:00 PM,84.250000,84.500000,80.449997,80.800003,84.250000
1/25/2022,6:25:00 PM,83.000000,83.400002,80.800003,81.800003,83.000000
1/25/2022,6:26:00 PM,82.199997,82.300003,80.900002,81.449997,82.199997
1/25/2022,6:27:00 PM,81.000000,82.099998,78.250000,79.150002,81.000000
1/25/2022,6:28:00 PM,78.500000,80.800003,77.500000,79.599998,78.500000
1/25/2022,6:29:00 PM,79.750000,80.099998,77.050003,77.699997,79.750000
1/25/2022,6:30:00 PM,77.449997,77.900002,75.849998,77.550003,77.449997
1/25/2022,6:31:00 PM,78.000000,78.599998,76.150002,76.449997,78.000000
1/25/2022,6:32:00 PM,76.900002,77.199997,75.650002,76.500000,76.900002
1/25/2022,6:33:00 PM,76.400002,78.250000,75.949997,77.349998,76.400002
1/25/2022,6:34:00 PM,77.199997,77.699997,76.150002,76.849998,77.199997
1/25/2022,6:35:00 PM,76.500000,77.800003,75.199997,76.500000,76.500000
1/25/2022,6:36:00 PM,77.099998,78.949997,76.349998,78.500000,77.099998
1/25/2022,6:37:00 PM,78.949997,82.099998,78.699997,80.949997,78.949997
1/25/2022,6:38:00 PM,81.449997,81.699997,79.099998,79.449997,81.449997
1/25/2022,6:39:00 PM,79.300003,80.849998,79.199997,80.500000,79.300003
1/25/2022,6:40:00 PM,80.050003,81.300003,79.099998,79.900002,80.050003
1/25/2022,6:41:00 PM,79.849998,81.250000,79.349998,81.000000,79.849998
1/25/2022,6:42:00 PM,81.349998,82.099998,80.199997,80.400002,81.349998
1/25/2022,6:43:00 PM,80.400002,81.900002,79.800003,80.349998,80.400002
1/25/2022,6:44:00 PM,80.500000,81.000000,79.550003,79.900002,80.500000
1/25/2022,6:45:00 PM,79.949997,80.500000,79.199997,79.449997,79.949997
1/25/2022,6:46:00 PM,79.500000,80.500000,79.199997,79.699997,79.500000
1/25/2022,6:47:00 PM,79.949997,82.050003,79.699997,81.800003,79.949997
1/25/2022,6:48:00 PM,81.849998,82.599998,81.199997,81.500000,81.849998
1/25/2022,6:49:00 PM,81.949997,81.949997,80.800003,81.050003,81.949997
1/25/2022,6:50:00 PM,81.000000,84.500000,80.800003,84.000000,81.000000
1/25/2022,6:51:00 PM,84.250000,84.949997,82.900002,83.699997,84.250000
1/25/2022,6:52:00 PM,82.550003,83.150002,79.550003,80.349998,82.550003
1/25/2022,6:53:00 PM,81.000000,82.449997,80.599998,82.099998,81.000000
1/25/2022,6:54:00 PM,80.300003,81.500000,80.000000,80.500000,80.300003
1/25/2022,6:55:00 PM,81.500000,82.800003,81.150002,82.449997,81.500000
1/25/2022,6:56:00 PM,82.849998,83.000000,81.050003,81.349998,82.849998
1/25/2022,6:57:00 PM,81.849998,82.400002,81.199997,81.650002,81.849998
1/25/2022,6:58:00 PM,81.650002,81.900002,80.800003,81.349998,81.650002
1/25/2022,6:59:00 PM,81.599998,82.800003,80.599998,82.500000,81.599998
1/25/2022,7:00:00 PM,82.800003,84.000000,82.300003,83.550003,82.800003
1/25/2022,7:01:00 PM,83.349998,84.750000,83.099998,84.000000,83.349998
1/25/2022,7:02:00 PM,84.050003,85.949997,84.000000,84.800003,84.050003
1/25/2022,7:03:00 PM,84.199997,86.650002,83.599998,86.300003,84.199997
1/25/2022,7:04:00 PM,86.750000,87.250000,85.000000,85.900002,86.750000
1/25/2022,7:05:00 PM,85.599998,87.000000,85.599998,86.599998,85.599998
1/25/2022,7:06:00 PM,86.800003,87.500000,86.099998,86.500000,86.800003
1/25/2022,7:07:00 PM,85.800003,87.000000,85.000000,85.400002,85.800003
1/25/2022,7:08:00 PM,85.900002,86.849998,84.250000,84.650002,85.900002
1/25/2022,7:09:00 PM,85.150002,85.599998,84.300003,84.599998,85.150002
1/25/2022,7:10:00 PM,84.550003,84.949997,82.250000,83.400002,84.550003
1/25/2022,7:11:00 PM,83.699997,83.900002,81.500000,81.949997,83.699997
1/25/2022,7:12:00 PM,77.000000,79.000000,74.800003,78.000000,77.000000
1/25/2022,7:13:00 PM,78.000000,79.300003,77.349998,79.000000,78.000000
1/25/2022,7:14:00 PM,79.099998,82.300003,79.099998,80.349998,79.099998
1/25/2022,7:15:00 PM,80.750000,81.900002,79.550003,80.949997,80.750000
1/25/2022,7:16:00 PM,81.199997,84.050003,79.800003,83.750000,81.199997
1/25/2022,7:17:00 PM,83.550003,84.449997,81.900002,82.949997,83.550003
1/25/2022,7:18:00 PM,83.500000,84.449997,82.599998,82.900002,83.500000
1/25/2022,7:19:00 PM,83.000000,83.300003,81.050003,81.349998,83.000000
1/25/2022,7:20:00 PM,77.900002,82.900002,77.900002,81.550003,77.900002
1/25/2022,7:21:00 PM,81.400002,81.550003,79.699997,80.250000,81.400002
1/25/2022,7:22:00 PM,80.250000,82.699997,79.599998,81.550003,80.250000
1/25/2022,7:23:00 PM,81.000000,81.500000,79.150002,80.250000,81.000000
1/25/2022,7:24:00 PM,80.449997,81.750000,79.750000,81.250000,80.449997
1/25/2022,7:25:00 PM,81.300003,84.650002,81.199997,84.300003,81.300003
1/25/2022,7:26:00 PM,83.000000,86.199997,82.599998,84.949997,83.000000
1/25/2022,7:27:00 PM,85.000000,86.349998,80.099998,80.650002,85.000000
1/25/2022,7:28:00 PM,80.650002,81.900002,77.599998,77.949997,80.650002
1/25/2022,7:29:00 PM,77.900002,78.150002,74.750000,76.000000,77.900002
1/25/2022,7:30:00 PM,73.000000,73.949997,69.500000,69.900002,73.000000
1/25/2022,7:31:00 PM,71.500000,74.949997,71.050003,73.900002,71.500000
1/25/2022,7:32:00 PM,74.099998,77.000000,72.650002,75.449997,74.099998
1/25/2022,7:33:00 PM,76.250000,76.250000,70.800003,72.449997,76.250000
1/25/2022,7:34:00 PM,73.050003,74.099998,70.849998,71.800003,73.050003
1/25/2022,7:35:00 PM,68.949997,71.800003,66.199997,71.199997,68.949997
1/25/2022,7:36:00 PM,68.050003,71.349998,67.800003,68.849998,68.050003
1/25/2022,7:37:00 PM,69.199997,70.099998,67.949997,68.550003,69.199997
1/25/2022,7:38:00 PM,65.000000,65.349998,60.549999,63.299999,65.000000
1/25/2022,7:39:00 PM,57.000000,68.500000,52.000000,66.699997,57.000000
1/25/2022,7:40:00 PM,62.200001,66.000000,62.000000,63.349998,62.200001
1/25/2022,7:41:00 PM,63.500000,66.050003,61.900002,64.150002,63.500000
1/25/2022,7:42:00 PM,65.400002,65.900002,63.000000,64.250000,65.400002
1/25/2022,7:43:00 PM,57.400002,57.400002,47.099998,48.049999,57.400002
1/25/2022,7:44:00 PM,49.200001,49.400002,41.099998,43.950001,49.200001
1/25/2022,7:45:00 PM,40.000000,42.650002,34.000000,36.049999,40.000000
1/25/2022,7:46:00 PM,35.750000,41.450001,35.150002,35.549999,35.750000
1/25/2022,7:47:00 PM,35.750000,36.500000,33.700001,34.450001,35.750000
1/25/2022,7:48:00 PM,35.450001,44.500000,33.799999,42.849998,35.450001
1/25/2022,7:49:00 PM,46.500000,51.349998,41.500000,43.299999,46.500000
1/25/2022,7:50:00 PM,41.250000,43.200001,40.599998,42.349998,41.250000
1/25/2022,7:51:00 PM,44.549999,44.650002,41.650002,43.049999,44.549999
1/25/2022,7:52:00 PM,43.049999,44.200001,40.099998,41.099998,43.049999
1/25/2022,7:53:00 PM,41.099998,41.150002,38.000000,38.150002,41.099998
1/25/2022,7:54:00 PM,40.000000,40.750000,37.299999,39.849998,40.000000
1/25/2022,7:55:00 PM,39.849998,47.799999,38.750000,43.849998,39.849998
1/25/2022,7:56:00 PM,45.000000,46.000000,44.049999,45.650002,45.000000
1/25/2022,7:57:00 PM,45.700001,47.099998,44.500000,46.049999,45.700001
1/25/2022,7:58:00 PM,46.500000,51.299999,46.299999,46.700001,46.500000
1/25/2022,7:59:00 PM,46.150002,47.849998,45.549999,46.950001,46.150002
1/25/2022,8:00:00 PM,49.400002,49.500000,47.700001,48.900002,49.400002
1/25/2022,8:01:00 PM,49.450001,49.900002,47.450001,47.900002,49.450001
1/25/2022,8:02:00 PM,45.150002,46.150002,43.900002,44.099998,45.150002
1/25/2022,8:03:00 PM,44.099998,45.349998,43.500000,44.950001,44.099998
1/25/2022,8:04:00 PM,45.950001,47.200001,45.650002,46.700001,45.950001
1/25/2022,8:05:00 PM,46.000000,46.299999,44.599998,44.950001,46.000000
1/25/2022,8:06:00 PM,45.700001,46.200001,43.900002,44.299999,45.700001
1/25/2022,8:07:00 PM,45.200001,45.500000,43.750000,44.549999,45.200001
1/25/2022,8:08:00 PM,45.150002,48.750000,44.549999,47.950001,45.150002
1/25/2022,8:09:00 PM,49.099998,53.200001,49.099998,52.349998,49.099998
1/25/2022,8:10:00 PM,50.049999,51.450001,48.250000,49.299999,50.049999
1/25/2022,8:11:00 PM,49.700001,50.849998,47.900002,48.349998,49.700001
1/25/2022,8:12:00 PM,48.500000,49.450001,47.200001,47.599998,48.500000
1/25/2022,8:13:00 PM,47.400002,48.950001,45.799999,46.099998,47.400002
1/25/2022,8:14:00 PM,47.400002,49.250000,46.099998,47.049999,47.400002
1/25/2022,8:15:00 PM,47.549999,49.400002,46.549999,48.750000,47.549999
1/25/2022,8:16:00 PM,48.700001,49.099998,46.650002,48.599998,48.700001
1/25/2022,8:17:00 PM,52.000000,52.000000,48.150002,48.750000,52.000000
1/25/2022,8:18:00 PM,48.000000,49.599998,47.400002,49.299999,48.000000
1/25/2022,8:19:00 PM,49.299999,49.400002,46.900002,47.150002,49.299999
1/25/2022,8:20:00 PM,47.200001,47.299999,42.500000,43.849998,47.200001
1/25/2022,8:21:00 PM,44.299999,45.250000,42.849998,43.049999,44.299999
1/25/2022,8:22:00 PM,43.049999,43.549999,42.349998,43.349998,43.049999
1/25/2022,8:23:00 PM,43.349998,46.500000,43.049999,46.099998,43.349998
1/25/2022,8:24:00 PM,45.650002,45.799999,43.400002,43.599998,45.650002
1/25/2022,8:25:00 PM,44.000000,44.549999,43.099998,43.549999,44.000000
1/25/2022,8:26:00 PM,43.799999,44.099998,43.000000,43.200001,43.799999
1/25/2022,8:27:00 PM,43.700001,44.750000,43.200001,44.400002,43.700001
1/25/2022,8:28:00 PM,43.750000,44.349998,42.000000,42.450001,43.750000
1/25/2022,8:29:00 PM,43.849998,47.349998,43.500000,46.400002,43.849998
1/25/2022,8:30:00 PM,46.400002,48.099998,45.000000,47.700001,46.400002
1/25/2022,8:31:00 PM,48.500000,49.099998,46.700001,47.150002,48.500000
1/25/2022,8:32:00 PM,47.150002,47.200001,45.250000,45.750000,47.150002
1/25/2022,8:33:00 PM,46.299999,49.049999,45.500000,48.349998,46.299999
1/25/2022,8:34:00 PM,50.000000,54.299999,49.650002,53.049999,50.000000
1/25/2022,8:35:00 PM,54.549999,55.349998,50.099998,50.750000,54.549999
1/25/2022,8:36:00 PM,51.000000,53.200001,50.750000,52.700001,51.000000
1/25/2022,8:37:00 PM,52.099998,52.349998,50.700001,51.099998,52.099998
1/25/2022,8:38:00 PM,47.099998,52.750000,47.099998,52.349998,47.099998
1/25/2022,8:39:00 PM,52.349998,53.799999,51.049999,51.750000,52.349998
1/25/2022,8:40:00 PM,53.049999,53.150002,49.750000,50.849998,53.049999
1/25/2022,8:41:00 PM,50.500000,51.299999,49.599998,50.500000,50.500000
1/25/2022,8:42:00 PM,50.299999,51.400002,50.099998,51.150002,50.299999
1/25/2022,8:43:00 PM,51.299999,54.900002,51.099998,54.349998,51.299999
1/25/2022,8:44:00 PM,54.450001,55.700001,53.750000,54.599998,54.450001
1/25/2022,8:45:00 PM,55.200001,56.500000,53.650002,56.250000,55.200001
1/25/2022,8:46:00 PM,56.950001,58.500000,53.650002,54.150002,56.950001
1/25/2022,8:47:00 PM,54.000000,54.799999,52.500000,53.450001,54.000000
1/25/2022,8:48:00 PM,55.000000,55.500000,51.799999,52.450001,55.000000
1/25/2022,8:49:00 PM,51.650002,51.849998,48.450001,48.599998,51.650002
1/25/2022,8:50:00 PM,49.200001,49.900002,46.650002,46.950001,49.200001
1/25/2022,8:51:00 PM,47.549999,48.599998,46.849998,48.200001,47.549999
1/25/2022,8:52:00 PM,48.250000,49.450001,47.900002,49.099998,48.250000
1/25/2022,8:53:00 PM,49.599998,49.599998,48.450001,49.099998,49.599998
1/25/2022,8:54:00 PM,49.799999,52.000000,49.450001,51.750000,49.799999
1/25/2022,8:55:00 PM,52.000000,52.650002,50.849998,51.900002,52.000000
1/25/2022,8:56:00 PM,52.150002,53.400002,51.599998,51.950001,52.150002
1/25/2022,8:57:00 PM,52.500000,52.700001,51.750000,52.150002,52.500000
1/25/2022,8:58:00 PM,51.500000,52.200001,50.599998,51.150002,51.500000
1/25/2022,8:59:00 PM,51.599998,52.450001,50.599998,50.799999,51.599998
1/25/2022,9:00:00 PM,50.900002,50.900002,48.700001,50.400002,50.900002
1/25/2022,9:01:00 PM,50.400002,51.000000,49.000000,49.299999,50.400002
1/25/2022,9:02:00 PM,49.349998,50.500000,48.349998,50.200001,49.349998
1/25/2022,9:03:00 PM,50.849998,52.500000,50.400002,51.750000,50.849998
1/25/2022,9:04:00 PM,52.200001,52.799999,51.250000,51.549999,52.200001
1/25/2022,9:05:00 PM,52.049999,53.150002,51.799999,52.450001,52.049999
1/25/2022,9:06:00 PM,52.450001,52.599998,50.900002,51.650002,52.450001
1/25/2022,9:07:00 PM,51.549999,52.549999,51.000000,52.000000,51.549999
1/25/2022,9:08:00 PM,51.450001,52.750000,49.900002,50.400002,51.450001
1/25/2022,9:09:00 PM,50.900002,50.900002,48.900002,49.349998,50.900002
1/25/2022,9:10:00 PM,49.400002,51.450001,49.299999,51.150002,49.400002
1/25/2022,9:11:00 PM,50.900002,52.000000,50.650002,51.200001,50.900002
1/25/2022,9:12:00 PM,51.250000,51.549999,49.000000,49.150002,51.250000
1/25/2022,9:13:00 PM,49.250000,49.400002,48.000000,48.650002,49.250000
1/25/2022,9:14:00 PM,49.000000,50.500000,48.650002,49.299999,49.000000
1/25/2022,9:15:00 PM,49.700001,50.250000,49.299999,49.599998,49.700001
1/25/2022,9:16:00 PM,49.900002,50.200001,48.849998,49.000000,49.900002
1/25/2022,9:17:00 PM,49.599998,49.650002,48.849998,49.049999,49.599998
1/25/2022,9:18:00 PM,49.150002,50.400002,48.849998,49.950001,49.150002
1/25/2022,9:19:00 PM,50.549999,51.849998,50.349998,51.400002,50.549999
1/25/2022,9:20:00 PM,51.900002,52.400002,50.599998,52.200001,51.900002
1/25/2022,9:21:00 PM,52.200001,54.099998,51.900002,53.950001,52.200001
1/25/2022,9:22:00 PM,53.000000,62.000000,52.299999,61.099998,53.000000
1/25/2022,9:23:00 PM,62.000000,65.400002,60.250000,61.599998,62.000000
1/25/2022,9:24:00 PM,62.500000,64.500000,60.150002,62.700001,62.500000
1/25/2022,9:25:00 PM,63.000000,68.949997,63.000000,68.500000,63.000000
1/25/2022,9:26:00 PM,69.349998,71.199997,67.150002,69.250000,69.349998
1/25/2022,9:27:00 PM,68.099998,72.150002,67.349998,71.300003,68.099998
1/25/2022,9:28:00 PM,71.949997,72.550003,68.900002,69.349998,71.949997
1/25/2022,9:29:00 PM,69.349998,69.900002,67.800003,68.400002,69.349998
1/25/2022,9:30:00 PM,69.250000,70.300003,68.199997,69.949997,69.250000
1/25/2022,9:31:00 PM,70.599998,71.449997,70.000000,71.050003,70.599998
1/25/2022,9:32:00 PM,71.449997,73.599998,71.199997,72.500000,71.449997
1/25/2022,9:33:00 PM,72.550003,73.300003,70.199997,70.500000,72.550003
1/25/2022,9:34:00 PM,71.000000,71.550003,67.000000,67.650002,71.000000
1/25/2022,9:35:00 PM,67.900002,69.750000,66.150002,68.800003,67.900002
1/25/2022,9:36:00 PM,69.500000,69.500000,67.550003,68.449997,69.500000
1/25/2022,9:37:00 PM,69.250000,70.500000,68.750000,69.500000,69.250000
1/25/2022,9:38:00 PM,68.199997,72.599998,67.349998,69.800003,68.199997
1/25/2022,9:39:00 PM,70.500000,71.650002,68.550003,69.550003,70.500000
1/25/2022,9:40:00 PM,70.000000,70.000000,67.099998,67.550003,70.000000
1/25/2022,9:41:00 PM,66.800003,67.449997,64.150002,66.949997,66.800003
1/25/2022,9:42:00 PM,67.500000,68.400002,65.349998,67.750000,67.500000
1/25/2022,9:43:00 PM,67.750000,69.199997,66.800003,68.150002,67.750000
1/25/2022,9:44:00 PM,69.500000,75.449997,69.099998,74.800003,69.500000
1/25/2022,9:45:00 PM,75.050003,78.500000,73.900002,77.849998,75.050003
1/25/2022,9:46:00 PM,77.500000,80.400002,76.449997,78.900002,77.500000
1/25/2022,9:47:00 PM,77.750000,79.199997,77.099998,78.300003,77.750000
1/25/2022,9:48:00 PM,79.199997,83.400002,78.650002,79.699997,79.199997
1/25/2022,9:49:00 PM,80.099998,80.949997,73.699997,74.599998,80.099998
1/25/2022,9:50:00 PM,74.599998,76.349998,70.750000,74.449997,74.599998
1/25/2022,9:51:00 PM,76.199997,76.650002,71.849998,73.599998,76.199997
1/25/2022,9:52:00 PM,72.000000,72.250000,66.849998,67.400002,72.000000
1/25/2022,9:53:00 PM,68.599998,76.949997,68.550003,76.300003,68.599998
1/25/2022,9:54:00 PM,77.099998,79.400002,76.050003,76.599998,77.099998
1/25/2022,9:55:00 PM,77.449997,77.750000,73.750000,74.949997,77.449997
1/25/2022,9:56:00 PM,75.400002,75.650002,73.199997,74.400002,75.400002
1/25/2022,9:57:00 PM,75.400002,77.000000,74.800003,76.250000,75.400002
1/25/2022,9:58:00 PM,76.250000,77.099998,74.400002,75.250000,76.250000
1/25/2022,9:59:00 PM,76.000000,78.199997,75.050003,76.199997,76.000000
1/25/2022,10:00:00 PM,76.000000,77.199997,74.800003,76.599998,76.000000
1/25/2022,10:01:00 PM,76.550003,77.750000,75.099998,76.199997,76.550003
1/25/2022,10:02:00 PM,76.199997,77.199997,75.300003,75.849998,76.199997
1/25/2022,10:03:00 PM,76.000000,76.300003,73.000000,73.400002,76.000000
1/25/2022,10:04:00 PM,73.050003,74.599998,72.750000,73.900002,73.050003
1/25/2022,10:05:00 PM,73.900002,74.199997,72.000000,73.199997,73.900002
1/25/2022,10:06:00 PM,74.500000,77.349998,72.000000,72.349998,74.500000
1/25/2022,10:07:00 PM,73.300003,75.650002,73.150002,75.000000,73.300003
1/25/2022,10:08:00 PM,75.750000,75.800003,74.050003,74.449997,75.750000
1/25/2022,10:09:00 PM,74.000000,75.550003,73.500000,75.349998,74.000000
1/25/2022,10:10:00 PM,75.650002,76.599998,74.800003,75.500000,75.650002
1/25/2022,10:11:00 PM,74.949997,79.500000,74.800003,79.250000,74.949997
1/25/2022,10:12:00 PM,79.550003,83.500000,78.550003,81.800003,79.550003
1/25/2022,10:13:00 PM,81.849998,82.550003,78.000000,78.650002,81.849998
1/25/2022,10:14:00 PM,78.849998,82.199997,76.300003,81.750000,78.849998
1/25/2022,10:15:00 PM,81.599998,83.300003,79.349998,80.300003,81.599998
1/25/2022,10:16:00 PM,78.800003,81.199997,78.300003,80.349998,78.800003
1/25/2022,10:17:00 PM,80.300003,81.800003,78.300003,78.949997,80.300003
1/25/2022,10:18:00 PM,79.800003,82.650002,78.599998,81.800003,79.800003
1/25/2022,10:19:00 PM,82.050003,85.349998,81.949997,83.900002,82.050003
1/25/2022,10:20:00 PM,83.500000,85.000000,82.099998,83.949997,83.500000
1/25/2022,10:21:00 PM,84.800003,86.000000,83.849998,85.349998,84.800003
1/25/2022,10:22:00 PM,85.000000,86.650002,84.349998,85.000000,85.000000
1/25/2022,10:23:00 PM,83.900002,85.000000,82.400002,84.300003,83.900002
1/25/2022,10:24:00 PM,85.699997,91.949997,84.550003,91.050003,85.699997
1/25/2022,10:25:00 PM,90.400002,91.500000,88.550003,89.250000,90.400002
1/25/2022,10:26:00 PM,89.550003,91.150002,88.849998,90.099998,89.550003
1/25/2022,10:27:00 PM,89.699997,91.349998,89.300003,90.550003,89.699997
1/25/2022,10:28:00 PM,91.300003,92.099998,90.800003,91.300003,91.300003
1/25/2022,10:29:00 PM,91.199997,93.150002,91.099998,91.750000,91.199997
1/25/2022,10:30:00 PM,91.099998,96.000000,91.099998,95.150002,91.099998
1/25/2022,10:31:00 PM,94.250000,97.800003,93.650002,94.800003,94.250000
1/25/2022,10:32:00 PM,95.449997,96.099998,88.599998,90.800003,95.449997
1/25/2022,10:33:00 PM,91.900002,92.449997,89.800003,91.250000,91.900002
1/25/2022,10:34:00 PM,91.900002,92.199997,90.349998,91.300003,91.900002
1/25/2022,10:35:00 PM,91.300003,92.099998,88.099998,89.599998,91.300003
1/25/2022,10:36:00 PM,89.900002,90.250000,87.800003,88.849998,89.900002
1/25/2022,10:37:00 PM,89.449997,92.949997,89.300003,92.150002,89.449997
1/25/2022,10:38:00 PM,93.150002,93.849998,91.349998,92.650002,93.150002
1/25/2022,10:39:00 PM,93.300003,93.750000,92.449997,93.400002,93.300003
1/25/2022,10:40:00 PM,93.500000,95.949997,93.400002,95.199997,93.500000
1/25/2022,10:41:00 PM,95.650002,97.250000,94.099998,94.800003,95.650002
1/25/2022,10:42:00 PM,95.000000,96.349998,94.599998,95.199997,95.000000
1/25/2022,10:43:00 PM,96.300003,96.300003,93.300003,94.349998,96.300003
1/25/2022,10:44:00 PM,94.900002,95.900002,94.349998,95.349998,94.900002
1/25/2022,10:45:00 PM,95.349998,95.699997,93.800003,94.900002,95.349998
1/25/2022,10:46:00 PM,94.900002,96.000000,93.500000,94.099998,94.900002
1/25/2022,10:47:00 PM,95.000000,95.500000,93.800003,95.150002,95.000000
1/25/2022,10:48:00 PM,95.800003,96.300003,94.699997,94.949997,95.800003
1/25/2022,10:49:00 PM,95.500000,100.449997,95.500000,100.050003,95.500000
1/25/2022,10:50:00 PM,100.949997,102.099998,99.000000,99.599998,100.949997
1/25/2022,10:51:00 PM,99.500000,99.900002,96.800003,98.250000,99.500000
1/25/2022,10:52:00 PM,97.449997,98.500000,88.449997,92.500000,97.449997
1/25/2022,10:53:00 PM,91.500000,95.400002,87.250000,91.449997,91.500000
1/25/2022,10:54:00 PM,92.300003,95.599998,91.500000,95.199997,92.300003
1/25/2022,10:55:00 PM,95.900002,96.750000,94.800003,95.250000,95.900002
1/25/2022,10:56:00 PM,95.900002,96.699997,94.550003,95.300003,95.900002
1/25/2022,10:57:00 PM,95.699997,96.000000,94.099998,95.000000,95.699997
1/25/2022,10:58:00 PM,95.000000,95.000000,93.750000,94.800003,95.000000
1/25/2022,10:59:00 PM,94.750000,96.500000,94.400002,95.449997,94.750000
1/25/2022,11:00:00 PM,95.699997,99.900002,95.699997,99.099998,95.699997
1/25/2022,11:01:00 PM,99.949997,105.750000,99.500000,104.050003,99.949997
1/25/2022,11:02:00 PM,103.800003,105.150002,102.449997,104.750000,103.800003
1/25/2022,11:03:00 PM,104.949997,106.750000,103.449997,105.099998,104.949997
1/25/2022,11:04:00 PM,107.000000,111.800003,106.750000,111.050003,107.000000
1/25/2022,11:05:00 PM,112.300003,113.750000,111.050003,112.800003,112.300003
1/25/2022,11:06:00 PM,113.500000,118.150002,113.150002,116.949997,113.500000
1/25/2022,11:07:00 PM,116.199997,125.500000,115.550003,121.599998,116.199997
1/25/2022,11:08:00 PM,123.099998,125.449997,118.300003,121.650002,123.099998
1/25/2022,11:09:00 PM,122.449997,123.500000,118.500000,119.099998,122.449997
1/25/2022,11:10:00 PM,118.800003,121.500000,117.300003,119.599998,118.800003
1/25/2022,11:11:00 PM,119.000000,119.250000,112.650002,114.300003,119.000000
1/25/2022,11:12:00 PM,115.900002,119.699997,115.699997,118.650002,115.900002
1/25/2022,11:13:00 PM,119.949997,122.250000,118.650002,121.699997,119.949997
1/25/2022,11:14:00 PM,122.500000,123.750000,118.000000,119.500000,122.500000
1/25/2022,11:15:00 PM,120.000000,127.250000,119.849998,122.250000,120.000000
1/25/2022,11:16:00 PM,123.500000,124.349998,116.800003,117.400002,123.500000
1/25/2022,11:17:00 PM,113.800003,116.150002,110.000000,115.150002,113.800003
1/25/2022,11:18:00 PM,112.599998,115.250000,111.000000,112.750000,112.599998
1/25/2022,11:19:00 PM,114.500000,116.500000,109.500000,110.800003,114.500000
1/25/2022,11:20:00 PM,111.900002,123.449997,108.500000,122.050003,111.900002
1/25/2022,11:21:00 PM,124.050003,133.899994,124.000000,132.300003,124.050003
1/25/2022,11:22:00 PM,135.000000,137.149994,133.000000,134.449997,135.000000
1/25/2022,11:23:00 PM,134.000000,138.899994,133.050003,135.899994,134.000000
1/25/2022,11:24:00 PM,136.699997,137.399994,130.199997,131.649994,136.699997
1/25/2022,11:25:00 PM,133.100006,136.800003,133.100006,135.850006,133.100006
1/25/2022,11:26:00 PM,136.500000,137.050003,133.750000,134.750000,136.500000
1/25/2022,11:27:00 PM,134.699997,135.199997,131.100006,133.899994,134.699997
1/25/2022,11:28:00 PM,133.000000,135.500000,132.899994,135.050003,133.000000
1/25/2022,11:29:00 PM,126.750000,133.000000,125.900002,128.250000,126.750000
1/25/2022,11:30:00 PM,130.199997,131.000000,127.900002,130.399994,130.199997
1/25/2022,11:31:00 PM,131.399994,132.100006,127.750000,128.750000,131.399994
1/25/2022,11:32:00 PM,129.000000,132.750000,128.000000,132.199997,129.000000
1/25/2022,11:33:00 PM,132.850006,132.850006,128.850006,129.449997,132.850006
1/25/2022,11:34:00 PM,128.949997,128.949997,121.500000,123.400002,128.949997
1/25/2022,11:35:00 PM,123.800003,125.599998,120.900002,122.150002,123.800003
1/25/2022,11:36:00 PM,122.550003,128.250000,120.599998,125.849998,122.550003
1/25/2022,11:37:00 PM,126.699997,127.699997,125.000000,126.550003,126.699997
1/25/2022,11:38:00 PM,128.149994,131.699997,127.300003,131.149994,128.149994
1/25/2022,11:39:00 PM,128.750000,130.500000,124.500000,128.850006,128.750000
1/25/2022,11:40:00 PM,130.699997,134.350006,126.500000,129.649994,130.699997
1/25/2022,11:41:00 PM,130.750000,133.949997,128.699997,132.550003,130.750000
1/25/2022,11:42:00 PM,133.000000,134.000000,130.750000,131.449997,133.000000
1/25/2022,11:43:00 PM,129.399994,132.399994,128.300003,130.949997,129.399994
1/25/2022,11:44:00 PM,130.250000,131.199997,125.000000,126.199997,130.250000
1/25/2022,11:45:00 PM,127.900002,127.949997,124.650002,125.800003,127.900002
1/25/2022,11:46:00 PM,127.000000,127.949997,121.449997,123.400002,127.000000
1/25/2022,11:47:00 PM,124.500000,126.400002,123.199997,123.900002,124.500000
1/25/2022,11:48:00 PM,125.099998,125.699997,120.750000,122.050003,125.099998
1/25/2022,11:49:00 PM,123.599998,123.599998,117.050003,121.500000,123.599998
1/25/2022,11:50:00 PM,121.550003,123.900002,120.050003,123.250000,121.550003
1/25/2022,11:51:00 PM,123.500000,123.750000,116.050003,117.150002,123.500000
1/25/2022,11:52:00 PM,119.000000,119.800003,110.300003,113.199997,119.000000
1/25/2022,11:53:00 PM,111.449997,117.000000,108.000000,116.300003,111.449997
1/25/2022,11:54:00 PM,116.099998,116.750000,112.500000,113.750000,116.099998
1/25/2022,11:55:00 PM,114.000000,116.800003,113.800003,114.750000,114.000000
1/25/2022,11:56:00 PM,114.250000,114.949997,111.699997,112.150002,114.250000
1/25/2022,11:57:00 PM,112.449997,112.699997,107.250000,109.800003,112.449997
1/25/2022,11:58:00 PM,111.500000,115.300003,111.099998,114.050003,111.500000
1/25/2022,11:59:00 PM,115.500000,115.750000,111.699997,113.650002,115.500000
1/26/2022,12:00:00 AM,113.699997,116.000000,112.599998,113.500000,113.699997
1/26/2022,12:01:00 AM,115.250000,118.750000,113.500000,118.150002,115.250000
1/26/2022,12:02:00 AM,117.400002,117.599998,110.800003,113.349998,117.400002
1/26/2022,12:03:00 AM,114.400002,114.800003,112.000000,112.500000,114.400002
1/26/2022,12:04:00 AM,113.000000,117.150002,112.500000,116.750000,113.000000
1/26/2022,12:05:00 AM,117.949997,124.800003,117.250000,122.750000,117.949997
1/26/2022,12:06:00 AM,124.250000,125.599998,120.349998,121.199997,124.250000
1/26/2022,12:07:00 AM,117.349998,117.349998,110.750000,112.150002,117.349998
1/26/2022,12:08:00 AM,113.050003,115.800003,111.500000,115.300003,113.050003
1/26/2022,12:09:00 AM,113.150002,114.849998,110.050003,112.000000,113.150002
1/26/2022,12:10:00 AM,112.500000,115.849998,112.000000,113.650002,112.500000
1/26/2022,12:11:00 AM,109.449997,110.300003,106.199997,109.900002,109.449997
1/26/2022,12:12:00 AM,111.050003,114.300003,110.750000,112.849998,111.050003
1/26/2022,12:13:00 AM,111.000000,114.699997,110.199997,113.099998,111.000000
1/26/2022,12:14:00 AM,112.000000,112.900002,110.199997,111.300003,112.000000
1/26/2022,12:15:00 AM,112.400002,114.750000,111.849998,114.099998,112.400002
1/26/2022,12:16:00 AM,114.699997,117.400002,113.500000,115.599998,114.699997
1/26/2022,12:17:00 AM,116.099998,119.300003,114.800003,116.949997,116.099998
1/26/2022,12:18:00 AM,118.050003,119.400002,114.699997,115.099998,118.050003
1/26/2022,12:19:00 AM,113.750000,115.750000,112.099998,112.699997,113.750000
1/26/2022,12:20:00 AM,109.699997,112.449997,108.300003,111.849998,109.699997
1/26/2022,12:21:00 AM,111.949997,113.849998,110.349998,110.800003,111.949997
1/26/2022,12:22:00 AM,111.900002,112.599998,109.800003,112.150002,111.900002
1/26/2022,12:23:00 AM,112.750000,114.500000,111.099998,114.050003,112.750000
1/26/2022,12:24:00 AM,113.250000,115.050003,113.099998,114.250000,113.250000
1/26/2022,12:25:00 AM,115.000000,116.400002,114.349998,116.000000,115.000000
1/26/2022,12:26:00 AM,114.949997,116.900002,114.150002,115.750000,114.949997
1/26/2022,12:27:00 AM,116.000000,116.699997,112.800003,113.449997,116.000000
1/26/2022,12:28:00 AM,114.000000,114.500000,111.400002,112.099998,114.000000
1/26/2022,12:29:00 AM,113.150002,116.000000,111.650002,115.400002,113.150002
1/26/2022,12:30:00 AM,117.000000,123.449997,116.500000,122.949997,117.000000
1/26/2022,12:31:00 AM,123.300003,125.349998,120.300003,124.800003,123.300003
1/26/2022,12:32:00 AM,124.300003,127.000000,123.500000,125.849998,124.300003
1/26/2022,12:33:00 AM,126.000000,126.849998,123.849998,125.449997,126.000000
1/26/2022,12:34:00 AM,125.500000,126.449997,124.449997,125.000000,125.500000
1/26/2022,12:35:00 AM,125.500000,128.850006,125.500000,126.349998,125.500000
1/26/2022,12:36:00 AM,126.449997,127.750000,125.199997,125.500000,126.449997
1/26/2022,12:37:00 AM,125.800003,127.000000,125.050003,126.400002,125.800003
1/26/2022,12:38:00 AM,126.349998,127.599998,123.550003,124.599998,126.349998
1/26/2022,12:39:00 AM,125.000000,125.849998,123.000000,123.449997,125.000000
1/26/2022,12:40:00 AM,123.900002,124.449997,121.099998,121.650002,123.900002
1/26/2022,12:41:00 AM,121.650002,124.449997,121.250000,124.099998,121.650002
1/26/2022,12:42:00 AM,124.150002,126.000000,121.599998,124.349998,124.150002
1/26/2022,12:43:00 AM,124.550003,129.699997,123.750000,128.399994,124.550003
1/26/2022,12:44:00 AM,129.600006,131.649994,128.000000,128.399994,129.600006
1/26/2022,12:45:00 AM,129.449997,130.350006,126.500000,129.750000,129.449997
1/26/2022,12:46:00 AM,130.000000,130.800003,125.599998,126.650002,130.000000
1/26/2022,12:47:00 AM,127.000000,128.000000,125.599998,126.849998,127.000000
1/26/2022,12:48:00 AM,127.750000,132.300003,127.750000,131.850006,127.750000
1/26/2022,12:49:00 AM,131.050003,131.050003,127.300003,129.750000,131.050003
1/26/2022,12:50:00 AM,129.649994,130.699997,128.500000,128.949997,129.649994
1/26/2022,12:51:00 AM,128.449997,128.899994,125.500000,125.900002,128.449997
1/26/2022,12:52:00 AM,124.900002,125.150002,119.599998,121.199997,124.900002
1/26/2022,12:53:00 AM,122.000000,122.349998,113.550003,116.449997,122.000000
1/26/2022,12:54:00 AM,114.900002,117.849998,112.400002,117.250000,114.900002
1/26/2022,12:55:00 AM,118.900002,121.500000,117.849998,118.449997,118.900002
1/26/2022,12:56:00 AM,119.849998,120.199997,117.849998,119.099998,119.849998
1/26/2022,12:57:00 AM,120.000000,120.449997,117.599998,118.199997,120.000000
1/26/2022,12:58:00 AM,123.000000,129.500000,122.000000,123.400002,123.000000
1/26/2022,12:59:00 AM,124.750000,125.900002,122.800003,124.750000,124.750000
1/26/2022,1:00:00 AM,124.949997,126.000000,123.150002,123.550003,124.949997
1/26/2022,1:01:00 AM,124.199997,124.750000,122.050003,122.599998,124.199997
1/26/2022,1:02:00 AM,123.800003,125.400002,122.250000,122.449997,123.800003
1/26/2022,1:03:00 AM,123.449997,123.449997,122.000000,122.449997,123.449997
1/26/2022,1:04:00 AM,123.199997,125.349998,123.000000,124.900002,123.199997
1/26/2022,1:05:00 AM,124.949997,126.449997,120.949997,122.199997,124.949997
1/26/2022,1:06:00 AM,123.000000,123.949997,122.000000,123.550003,123.000000
1/26/2022,1:07:00 AM,123.849998,125.449997,122.400002,124.000000,123.849998
1/26/2022,1:08:00 AM,124.000000,127.000000,124.000000,124.900002,124.000000
1/26/2022,1:09:00 AM,125.900002,126.650002,125.099998,125.900002,125.900002
1/26/2022,1:10:00 AM,126.250000,127.300003,126.000000,127.000000,126.250000
1/26/2022,1:11:00 AM,126.949997,129.050003,126.500000,127.900002,126.949997
1/26/2022,1:12:00 AM,127.900002,129.199997,127.900002,128.800003,127.900002
1/26/2022,1:13:00 AM,128.850006,129.050003,126.750000,127.849998,128.850006
1/26/2022,1:14:00 AM,126.400002,127.400002,123.900002,124.750000,126.400002
1/26/2022,1:15:00 AM,124.900002,124.900002,121.250000,123.349998,124.900002
1/26/2022,1:16:00 AM,124.900002,125.000000,122.699997,124.050003,124.900002
1/26/2022,1:17:00 AM,124.300003,125.050003,123.449997,124.300003,124.300003
1/26/2022,1:18:00 AM,124.449997,124.449997,121.400002,121.849998,124.449997
1/26/2022,1:19:00 AM,122.300003,123.250000,120.800003,122.400002,122.300003
1/26/2022,1:20:00 AM,121.199997,122.150002,120.800003,121.500000,121.199997
1/26/2022,1:21:00 AM,122.800003,125.500000,122.000000,125.199997,122.800003
1/26/2022,1:22:00 AM,126.900002,137.500000,126.500000,132.800003,126.900002
1/26/2022,1:23:00 AM,134.949997,137.350006,133.550003,134.800003,134.949997
1/26/2022,1:24:00 AM,134.800003,143.300003,134.800003,141.250000,134.800003
1/26/2022,1:25:00 AM,141.949997,141.949997,134.800003,135.199997,141.949997
1/26/2022,1:26:00 AM,135.750000,137.250000,132.300003,134.350006,135.750000
1/26/2022,1:27:00 AM,134.949997,136.449997,132.699997,134.149994,134.949997
1/26/2022,1:28:00 AM,135.000000,137.600006,131.250000,132.050003,135.000000
1/26/2022,1:29:00 AM,132.800003,133.699997,128.850006,131.350006,132.800003
1/26/2022,1:30:00 AM,131.949997,135.699997,128.800003,133.500000,131.949997
1/26/2022,1:31:00 AM,134.399994,134.800003,132.149994,133.600006,134.399994
1/26/2022,1:32:00 AM,134.050003,134.550003,127.500000,130.300003,134.050003
1/26/2022,1:33:00 AM,130.300003,131.199997,127.599998,128.000000,130.300003
1/26/2022,1:34:00 AM,128.000000,128.449997,124.099998,126.400002,128.000000
1/26/2022,1:35:00 AM,126.800003,127.300003,124.750000,125.150002,126.800003
1/26/2022,1:36:00 AM,124.150002,124.199997,118.199997,119.000000,124.150002
1/26/2022,1:37:00 AM,120.250000,121.349998,114.849998,117.750000,120.250000
1/26/2022,1:38:00 AM,118.400002,120.500000,116.150002,119.699997,118.400002
1/26/2022,1:39:00 AM,120.000000,121.550003,118.599998,118.900002,120.000000
1/26/2022,1:40:00 AM,119.599998,119.750000,117.000000,117.550003,119.599998
1/26/2022,1:41:00 AM,117.650002,120.500000,117.550003,120.250000,117.650002
1/26/2022,1:42:00 AM,120.900002,124.699997,120.500000,121.699997,120.900002
1/26/2022,1:43:00 AM,121.900002,123.150002,119.650002,122.750000,121.900002
1/26/2022,1:44:00 AM,122.500000,124.250000,121.400002,122.500000,122.500000
1/26/2022,1:45:00 AM,122.900002,123.699997,120.900002,121.849998,122.900002
1/26/2022,1:46:00 AM,121.949997,123.000000,119.699997,120.599998,121.949997
1/26/2022,1:47:00 AM,121.199997,122.900002,120.900002,121.800003,121.199997
1/26/2022,1:48:00 AM,122.400002,123.650002,120.050003,120.599998,122.400002
1/26/2022,1:49:00 AM,121.099998,122.150002,119.550003,121.699997,121.099998
1/26/2022,1:50:00 AM,121.650002,126.900002,121.150002,125.300003,121.650002
1/26/2022,1:51:00 AM,125.949997,125.949997,123.050003,123.300003,125.949997
1/26/2022,1:52:00 AM,124.000000,125.449997,123.699997,124.849998,124.000000
1/26/2022,1:53:00 AM,125.849998,128.949997,125.150002,128.350006,125.849998
1/26/2022,1:54:00 AM,128.850006,129.649994,126.599998,127.250000,128.850006
1/26/2022,1:55:00 AM,128.250000,128.449997,124.550003,125.150002,128.250000
1/26/2022,1:56:00 AM,124.000000,128.399994,122.000000,125.099998,124.000000
1/26/2022,1:57:00 AM,125.000000,127.250000,123.699997,126.900002,125.000000
1/26/2022,1:58:00 AM,127.500000,130.850006,127.199997,128.300003,127.500000
1/26/2022,1:59:00 AM,129.500000,130.949997,128.500000,128.850006,129.500000
1/26/2022,2:00:00 AM,129.699997,130.000000,125.300003,127.400002,129.699997
1/26/2022,2:01:00 AM,128.850006,131.949997,128.000000,130.399994,128.850006
1/26/2022,2:02:00 AM,130.949997,132.199997,128.199997,129.649994,130.949997
1/26/2022,2:03:00 AM,130.000000,130.949997,126.199997,129.350006,130.000000
1/26/2022,2:04:00 AM,130.649994,134.500000,128.500000,133.800003,130.649994
1/26/2022,2:05:00 AM,133.949997,134.500000,129.699997,130.750000,133.949997
1/26/2022,2:06:00 AM,131.500000,131.649994,129.000000,129.850006,131.500000
1/26/2022,2:07:00 AM,130.000000,133.199997,129.449997,132.250000,130.000000
1/26/2022,2:08:00 AM,133.000000,134.399994,129.250000,129.850006,133.000000
1/26/2022,2:09:00 AM,132.000000,138.500000,131.199997,135.850006,132.000000
1/26/2022,2:10:00 AM,136.199997,138.000000,134.600006,134.899994,136.199997
1/26/2022,2:11:00 AM,135.899994,139.149994,135.000000,136.750000,135.899994
1/26/2022,2:12:00 AM,136.750000,140.000000,134.649994,139.100006,136.750000
1/26/2022,2:13:00 AM,141.399994,149.699997,141.199997,146.449997,141.399994
1/26/2022,2:14:00 AM,149.000000,149.000000,143.500000,144.750000,149.000000
1/26/2022,2:15:00 AM,145.000000,146.699997,143.649994,144.699997,145.000000
1/26/2022,2:16:00 AM,147.000000,147.500000,138.250000,139.649994,147.000000
1/26/2022,2:17:00 AM,139.750000,140.750000,134.600006,136.600006,139.750000
1/26/2022,2:18:00 AM,137.800003,141.800003,136.449997,141.050003,137.800003
1/26/2022,2:19:00 AM,142.399994,144.250000,138.500000,139.199997,142.399994
1/26/2022,2:20:00 AM,138.500000,141.149994,133.699997,137.399994,138.500000
1/26/2022,2:21:00 AM,137.500000,143.949997,136.899994,143.350006,137.500000
1/26/2022,2:22:00 AM,144.199997,145.449997,141.250000,141.850006,144.199997
1/26/2022,2:23:00 AM,141.750000,144.500000,140.199997,141.300003,141.750000
1/26/2022,2:24:00 AM,141.000000,143.699997,136.350006,142.399994,141.000000
1/26/2022,2:25:00 AM,142.399994,145.449997,141.550003,144.300003,142.399994
1/26/2022,2:26:00 AM,145.250000,147.949997,143.899994,144.550003,145.250000
1/26/2022,2:27:00 AM,144.899994,145.800003,141.750000,143.199997,144.899994
1/26/2022,2:28:00 AM,144.149994,145.250000,143.649994,144.949997,144.149994
1/26/2022,2:29:00 AM,146.350006,150.250000,145.399994,146.050003,146.350006
1/26/2022,2:30:00 AM,146.449997,152.699997,146.199997,149.850006,146.449997
1/26/2022,2:31:00 AM,149.399994,151.050003,147.550003,148.649994,149.399994
1/26/2022,2:32:00 AM,149.250000,149.250000,144.300003,146.399994,149.250000
1/26/2022,2:33:00 AM,147.250000,147.699997,144.699997,145.699997,147.250000
1/26/2022,2:34:00 AM,145.850006,152.800003,143.300003,152.100006,145.850006
1/26/2022,2:35:00 AM,153.000000,153.500000,145.300003,147.100006,153.000000
1/26/2022,2:36:00 AM,147.100006,148.000000,144.000000,146.000000,147.100006
1/26/2022,2:37:00 AM,146.500000,147.649994,138.600006,139.399994,146.500000
1/26/2022,2:38:00 AM,140.399994,140.899994,130.899994,133.649994,140.399994
1/26/2022,2:39:00 AM,133.149994,135.649994,130.350006,135.050003,133.149994
1/26/2022,2:40:00 AM,136.300003,137.350006,134.399994,135.250000,136.300003
1/26/2022,2:41:00 AM,135.800003,135.899994,133.000000,133.750000,135.800003
1/26/2022,2:42:00 AM,132.949997,132.949997,125.099998,125.650002,132.949997
1/26/2022,2:43:00 AM,124.099998,125.400002,118.750000,121.250000,124.099998
1/26/2022,2:44:00 AM,122.300003,124.199997,119.050003,119.699997,122.300003
1/26/2022,2:45:00 AM,120.000000,122.800003,119.400002,121.800003,120.000000
1/26/2022,2:46:00 AM,122.050003,122.500000,118.199997,120.000000,122.050003
1/26/2022,2:47:00 AM,120.849998,123.150002,120.400002,120.650002,120.849998
1/26/2022,2:48:00 AM,120.949997,121.300003,118.000000,119.250000,120.949997
1/26/2022,2:49:00 AM,121.050003,123.449997,120.449997,122.449997,121.050003
1/26/2022,2:50:00 AM,124.699997,126.400002,123.099998,126.150002,124.699997
1/26/2022,2:51:00 AM,127.800003,128.750000,125.849998,127.449997,127.800003
1/26/2022,2:52:00 AM,127.750000,128.550003,126.699997,127.900002,127.750000
1/26/2022,2:53:00 AM,129.199997,130.350006,127.650002,128.149994,129.199997
1/26/2022,2:54:00 AM,127.449997,127.699997,124.800003,125.949997,127.449997
1/26/2022,2:55:00 AM,126.000000,127.250000,125.300003,126.250000,126.000000
1/26/2022,2:56:00 AM,127.750000,128.149994,125.000000,126.050003,127.750000
1/26/2022,2:57:00 AM,126.750000,126.750000,122.150002,123.199997,126.750000
1/26/2022,2:58:00 AM,120.099998,120.849998,117.000000,119.800003,120.099998
1/26/2022,2:59:00 AM,120.050003,124.050003,119.949997,122.349998,120.050003
1/26/2022,3:00:00 AM,123.800003,125.500000,123.150002,124.349998,123.800003
1/26/2022,3:01:00 AM,125.300003,126.449997,124.699997,125.849998,125.300003
1/26/2022,3:02:00 AM,126.300003,126.300003,122.500000,122.849998,126.300003
1/26/2022,3:03:00 AM,122.500000,123.199997,120.300003,122.800003,122.500000
1/26/2022,3:04:00 AM,123.650002,124.099998,122.599998,123.000000,123.650002
1/26/2022,3:05:00 AM,122.599998,123.500000,121.000000,121.250000,122.599998
1/26/2022,3:06:00 AM,121.650002,121.650002,119.849998,120.599998,121.650002
1/26/2022,3:07:00 AM,120.599998,123.650002,120.500000,122.449997,120.599998
1/26/2022,3:08:00 AM,125.000000,128.300003,124.150002,127.699997,125.000000
1/26/2022,3:09:00 AM,128.000000,128.199997,125.800003,127.400002,128.000000
1/26/2022,3:10:00 AM,127.000000,132.250000,126.050003,131.750000,127.000000
1/26/2022,3:11:00 AM,129.199997,133.149994,129.100006,132.449997,129.199997
1/26/2022,3:12:00 AM,133.800003,133.800003,131.050003,132.399994,133.800003
1/26/2022,3:13:00 AM,132.399994,134.899994,132.399994,134.250000,132.399994
1/26/2022,3:14:00 AM,133.500000,136.100006,133.000000,135.149994,133.500000
1/26/2022,3:15:00 AM,135.750000,139.300003,134.500000,138.899994,135.750000
1/26/2022,3:16:00 AM,139.199997,139.199997,136.149994,138.050003,139.199997
1/26/2022,3:17:00 AM,137.649994,139.500000,136.850006,137.750000,137.649994
1/26/2022,3:18:00 AM,137.750000,141.899994,137.550003,139.300003,137.750000
1/26/2022,3:19:00 AM,140.300003,140.300003,134.250000,135.449997,140.300003
1/26/2022,3:20:00 AM,135.399994,138.350006,130.300003,137.449997,135.399994
1/26/2022,3:21:00 AM,138.300003,141.399994,137.500000,139.050003,138.300003
1/26/2022,3:22:00 AM,138.750000,139.949997,135.500000,138.300003,138.750000
1/26/2022,3:23:00 AM,138.000000,138.850006,130.550003,132.800003,138.000000
1/26/2022,3:24:00 AM,131.250000,132.149994,128.000000,130.850006,131.250000
1/26/2022,3:25:00 AM,129.899994,131.699997,125.699997,131.000000,129.899994
1/26/2022,3:26:00 AM,131.899994,135.300003,130.000000,130.750000,131.899994
1/26/2022,3:27:00 AM,133.449997,133.699997,130.949997,132.550003,133.449997
1/26/2022,3:28:00 AM,133.550003,133.649994,128.050003,130.449997,133.550003
1/26/2022,3:29:00 AM,132.600006,135.000000,131.800003,134.050003,132.600006